Date,Campaign name,Ad set name,Age,Gender,Amount spent (USD),Return on ad spend (ROAS),country,audience description,Total investment,corrected return,correction factor
2018-08-03,EN_RCH_Lookalikes_LeadGen,"CA_M/F_18-64_Lookalike (CA, 2%) - rainfactoryS71C",18-24,female,0.44,27954.55,CA,"Lookalike (CA, 2%) - rainfactoryS71C",5.1000000000000005,8.199704896852166,3409.214154857163
2018-08-05,EN_RCH_Lookalikes_LeadGen,"AU_M/F_18-64_Lookalike (AU, 2%) - rainfactoryS71C",18-24,male,0.57,27719.3,AU,"Lookalike (AU, 2%) - rainfactoryS71C",0,7.911610289591567,3503.6230281043067
2018-07-13,EN_RCH_Lookalikes_LeadGen,"GB_M/F_18-64_Lookalike (GB, 2%) - rainfactoryS71C",18-24,male,0.72,8194.44,GB,"Lookalike (GB, 2%) - rainfactoryS71C",0.98,2.351156194087722,3485.280995199703
2018-07-29,EN_RCH_Lookalikes_LeadGen,"GB_M/F_18-64_Lookalike (GB, 2%) - rainfactoryS71C",18-24,male,0.21,84285.71,GB,"Lookalike (GB, 2%) - rainfactoryS71C",7.78,25.08035062570514,3360.627259876288
2018-07-31,US_RCH_Lookalikes_LeadGen,"US_M/F_25-64_Lookalike (US, 2%) - rainfactoryP22C",18-24,female,0.53,11132.08,US,"Lookalike (US, 2%) - rainfactoryP22C",2.0599999999999996,3.212555980052985,3465.1785273532873
2018-07-28,US_RCH_Lookalikes_LeadGen,"US_M/F_25-64_Lookalike (US, 2%) - rainfactoryS71C",18-24,female,0.4,64500.0,US,"Lookalike (US, 2%) - rainfactoryS71C",5.050000000000001,18.914250080718585,3410.127270430461
2018-08-01,US_RCH_Lookalikes_LeadGen,"US_M/F_25-64_Lookalike (US, 2%) - rainfactoryS71C",18-24,female,1.08,91203.7,US,"Lookalike (US, 2%) - rainfactoryS71C",7.58,27.1098361239065,3364.229115334749
2018-07-31,US_RCH_Outdoor_LeadGen,US_M_24-54_Nature + CF Early Tech + Non Parent *4.7M,18-24,male,1.18,5000.0,US,Nature + CF Early Tech + Non Parent *4.7M,6.159999999999999,1.4749638730486674,3389.913537112798
2018-08-03,US_RCH_Outdoor_LeadGen,US_M_24-54_Nature + CF Early Tech + Non Parent *4.7M,18-24,male,1.24,9919.35,US,Nature + CF Early Tech + Non Parent *4.7M,10.549999999999999,2.9957540441340855,3311.13631288351
2018-07-31,US_RCH_Outdoor_LeadGen,US_M_24-54_Off-Grid/Survival + CF Early Tech + Non Parent *940M,18-24,male,0.85,15176.47,US,Off-Grid/Survival + CF Early Tech + Non Parent *940M,5.540000000000001,4.462106863280698,3401.189273365301
2018-08-05,US_RCH_Outdoor_LeadGen,US_M_24-54_REI/Dick's + CF Early Tech + Non Parent *1.4M,18-24,male,1.75,38228.57,US,REI/Dick's + CF Early Tech + Non Parent *1.4M,0,10.91115388081126,3503.6230281043067
2018-07-28,US_RCH_Campers_LeadGen,US_M/F_25-64_Outdoor Activists,25-34,female,1.96,25867.35,US,Outdoor Activists,23.94,8.393078858696146,3081.9858165872706
2018-08-06,US_RCH_Campers_LeadGen,US_M/F_25-64_Outdoor Activists,25-34,male,1.88,6542.55,US,Outdoor Activists,0,1.8673669934005301,3503.6230281043067
2018-07-25,EN_RCH_Lookalikes_LeadGen,"CA_M/F_18-64_Lookalike (CA, 2%) - rainfactoryS71C",25-34,female,1.82,15769.23,CA,"Lookalike (CA, 2%) - rainfactoryS71C",22.599999999999998,5.079990303030185,3104.1850592891374
2018-08-06,EN_RCH_Lookalikes_LeadGen,"CA_M/F_18-64_Lookalike (CA, 2%) - rainfactoryS71C",25-34,female,3.05,1934.43,CA,"Lookalike (CA, 2%) - rainfactoryS71C",0,0.5521227553543783,3503.6230281043067
2018-07-16,EN_RCH_Lookalikes_LeadGen,"GB_M/F_18-64_Lookalike (GB, 2%) - rainfactoryP22C",25-34,female,0.2,232000.0,GB,"Lookalike (GB, 2%) - rainfactoryP22C",0.52,66.4018505124807,3493.878532141118
2018-07-27,EN_RCH_Lookalikes_LeadGen,"GB_M/F_18-64_Lookalike (GB, 2%) - rainfactoryS71C",25-34,female,1.32,8939.39,GB,"Lookalike (GB, 2%) - rainfactoryS71C",16.43,2.7861742144365924,3208.4820660820315
2018-07-30,EN_RCH_Lookalikes_LeadGen,"GB_M/F_18-64_Lookalike (GB, 2%) - rainfactoryS71C",25-34,female,1.07,5514.02,GB,"Lookalike (GB, 2%) - rainfactoryS71C",19.93,1.7510964057498475,3148.895732921574
2018-07-29,EN_RCH_Lookalikes_LeadGen,"CA_M/F_18-64_Lookalike (CA, 2%) - rainfactoryP22C",25-34,male,2.33,5536.48,CA,"Lookalike (CA, 2%) - rainfactoryP22C",37.62,1.9329654518205113,2864.2415697526385
2018-07-30,EN_RCH_Lookalikes_LeadGen,"CA_M/F_18-64_Lookalike (CA, 2%) - rainfactoryP22C",25-34,male,2.67,2209.74,CA,"Lookalike (CA, 2%) - rainfactoryP22C",40.29,0.7826042639865091,2823.5726556660984
2018-08-02,EN_RCH_Lookalikes_LeadGen,"CA_M/F_18-64_Lookalike (CA, 2%) - rainfactoryP22C",25-34,male,5.99,984.97,CA,"Lookalike (CA, 2%) - rainfactoryP22C",56.0,0.37946087393344374,2595.7089851976693
2018-08-03,EN_RCH_Lookalikes_LeadGen,"CA_M/F_18-64_Lookalike (CA, 2%) - rainfactoryP22C",25-34,male,3.99,1478.7,CA,"Lookalike (CA, 2%) - rainfactoryP22C",59.99,0.5819761607063733,2540.8257242104705
2018-08-05,EN_RCH_Lookalikes_LeadGen,"CA_M/F_18-64_Lookalike (CA, 2%) - rainfactoryP22C",25-34,male,4.24,2783.02,CA,"Lookalike (CA, 2%) - rainfactoryP22C",0,0.7943263238299353,3503.6230281043067
2018-07-26,EN_RCH_Lookalikes_LeadGen,"CA_M/F_18-64_Lookalike (CA, 2%) - rainfactoryS71C",25-34,male,2.89,2214.53,CA,"Lookalike (CA, 2%) - rainfactoryS71C",40.2,0.7839227207522931,2824.9340673208476
2018-07-15,EN_RCH_Lookalikes_LeadGen,"GB_M/F_18-64_Lookalike (GB, 2%) - rainfactoryP22C",25-34,male,1.74,15229.89,GB,"Lookalike (GB, 2%) - rainfactoryP22C",5.680000000000001,4.481172057914654,3398.6398654568375
2018-07-25,EN_RCH_Lookalikes_LeadGen,"GB_M/F_18-64_Lookalike (GB, 2%) - rainfactoryP22C",25-34,male,1.74,15862.07,GB,"Lookalike (GB, 2%) - rainfactoryP22C",18.98,5.011777598302797,3164.9588771400345
2018-08-02,EN_RCH_Lookalikes_LeadGen,"GB_M/F_18-64_Lookalike (GB, 2%) - rainfactoryP22C",25-34,male,3.55,23098.59,GB,"Lookalike (GB, 2%) - rainfactoryP22C",37.5,8.059288362494101,2866.0830784384166
2018-08-03,EN_RCH_Lookalikes_LeadGen,"GB_M/F_18-64_Lookalike (GB, 2%) - rainfactoryP22C",25-34,male,3.87,1524.55,GB,"Lookalike (GB, 2%) - rainfactoryP22C",41.37,0.5430688447166749,2807.286801354577
2018-07-23,EN_RCH_Lookalikes_LeadGen,"GB_M/F_18-64_Lookalike (GB, 2%) - rainfactoryS71C",25-34,male,2.15,16093.02,GB,"Lookalike (GB, 2%) - rainfactoryS71C",27.409999999999997,5.319593762564092,3025.2347675968063
2018-07-31,US_RCH_Lookalikes_LeadGen,"US_M/F_25-64_Lookalike (US, 2%) - rainfactoryP22C",25-34,female,4.33,2840.65,US,"Lookalike (US, 2%) - rainfactoryP22C",19.9,0.9019649550324039,3149.4017413325632
2018-07-27,US_RCH_Lookalikes_LeadGen,"US_M/F_25-64_Lookalike (US, 2%) - rainfactoryS71C",25-34,female,4.72,1250.0,US,"Lookalike (US, 2%) - rainfactoryS71C",34.73,0.4297124654850228,2908.9218963874055
2018-07-31,US_RCH_Lookalikes_LeadGen,"US_M/F_25-64_Lookalike (US, 2%) - rainfactoryS71C",25-34,female,5.97,988.27,US,"Lookalike (US, 2%) - rainfactoryS71C",53.26,0.3751855545920042,2634.0832899995175
2018-08-03,US_RCH_Lookalikes_LeadGen,"US_M/F_25-64_Lookalike (US, 2%) - rainfactoryS71C",25-34,female,11.43,1636.05,US,"Lookalike (US, 2%) - rainfactoryS71C",79.78,0.7159045667551388,2285.290632263251
2018-08-04,US_RCH_Lookalikes_LeadGen,"US_M/F_25-64_Lookalike (US, 2%) - rainfactoryS71C",25-34,female,12.85,1914.4,US,"Lookalike (US, 2%) - rainfactoryS71C",0,0.5464058161062544,3503.6230281043067
2018-08-05,US_RCH_Lookalikes_LeadGen,"US_M/F_25-64_Lookalike (US, 2%) - rainfactoryS71C",25-34,female,10.04,8037.85,US,"Lookalike (US, 2%) - rainfactoryS71C",0,2.294153776112441,3503.6230281043067
2018-08-07,US_RCH_Lookalikes_LeadGen,"US_M/F_25-64_Lookalike (US, 2%) - rainfactoryS71C",25-34,female,1.54,7662.34,US,"Lookalike (US, 2%) - rainfactoryS71C",0,2.186976149698912,3503.6230281043067
2018-07-24,US_RCH_Lookalikes_LeadGen,"US_M/F_25-64_Lookalike (US, 2%) - rainfactoryP22C",25-34,male,2.72,11875.0,US,"Lookalike (US, 2%) - rainfactoryP22C",18.839999999999996,3.74921109311887,3167.332994878531
2018-07-26,US_RCH_Lookalikes_LeadGen,"US_M/F_25-64_Lookalike (US, 2%) - rainfactoryP22C",25-34,male,2.66,9924.81,US,"Lookalike (US, 2%) - rainfactoryP22C",23.539999999999996,3.2133729040685464,3088.5957827782468
2018-07-29,US_RCH_Lookalikes_LeadGen,"US_M/F_25-64_Lookalike (US, 2%) - rainfactoryP22C",25-34,male,5.54,2220.22,US,"Lookalike (US, 2%) - rainfactoryP22C",43.60999999999999,0.8004232249599926,2773.8075692530942
2018-08-01,US_RCH_Lookalikes_LeadGen,"US_M/F_25-64_Lookalike (US, 2%) - rainfactoryP22C",25-34,male,4.42,2782.81,US,"Lookalike (US, 2%) - rainfactoryP22C",63.65,1.116920311262947,2491.5027257883453
2018-08-04,US_RCH_Lookalikes_LeadGen,"US_M/F_25-64_Lookalike (US, 2%) - rainfactoryP22C",25-34,male,7.07,4568.6,US,"Lookalike (US, 2%) - rainfactoryP22C",0,1.3039644857203478,3503.6230281043067
2018-08-05,US_RCH_Lookalikes_LeadGen,"US_M/F_25-64_Lookalike (US, 2%) - rainfactoryP22C",25-34,male,7.15,3776.22,US,"Lookalike (US, 2%) - rainfactoryP22C",0,1.0778043099126409,3503.6230281043067
2018-07-21,US_RCH_Lookalikes_LeadGen,"US_M/F_25-64_Lookalike (US, 2%) - rainfactoryS71C",25-34,male,1.45,4068.97,US,"Lookalike (US, 2%) - rainfactoryS71C",17.12,1.2728870787417765,3196.646480237741
2018-07-26,US_RCH_Lookalikes_LeadGen,"US_M/F_25-64_Lookalike (US, 2%) - rainfactoryS71C",25-34,male,4.9,1204.08,US,"Lookalike (US, 2%) - rainfactoryS71C",40.5,0.42691838266488974,2820.3985794285754
2018-07-31,US_RCH_Lookalikes_LeadGen,"US_M/F_25-64_Lookalike (US, 2%) - rainfactoryS71C",25-34,male,9.73,606.37,US,"Lookalike (US, 2%) - rainfactoryS71C",65.7,0.24606216255404093,2464.295988079139
2018-08-02,US_RCH_Lookalikes_LeadGen,"US_M/F_25-64_Lookalike (US, 2%) - rainfactoryS71C",25-34,male,12.42,4726.25,US,"Lookalike (US, 2%) - rainfactoryS71C",93.26,2.222956805774384,2126.10968765701
2018-08-07,US_RCH_Lookalikes_LeadGen,"US_M/F_25-64_Lookalike (US, 2%) - rainfactoryS71C",25-34,male,2.72,4742.65,US,"Lookalike (US, 2%) - rainfactoryS71C",0,1.3536416338050183,3503.6230281043067
2018-07-28,US_RCH_BeachGoers_LeadGen,US_M/F_18-64_Beach Activity Enthusiasts + Tech Adopters/Crowdfunding,25-34,female,7.56,780.42,US,Beach Activity Enthusiasts + Tech Adopters/Crowdfunding,24.119999999999997,0.2534640979393812,3079.015948785955
2018-07-25,US_RCH_BeachGoers_LeadGen,US_M_25-55_Beachgoers + Parents w/ Young/Teenage Kids + Tech Adopters/Crowdfunding,25-34,female,3.72,8548.39,US,Beachgoers + Parents w/ Young/Teenage Kids + Tech Adopters/Crowdfunding,12.600000000000001,2.610211892718155,3274.979331696362
2018-08-05,US_RCH_BeachGoers_LeadGen,US_M_25-55_Beachgoers + Parents w/ Young/Teenage Kids + Tech Adopters/Crowdfunding - Copy,25-34,female,3.88,1520.62,US,Beachgoers + Parents w/ Young/Teenage Kids + Tech Adopters/Crowdfunding - Copy,0,0.4340135875927144,3503.6230281043067
2018-07-28,US_RCH_Outdoor_LeadGen,US_M_24-54_Adventure Travel + CF Early Tech + Non Parent *1.6M,25-34,male,9.95,5959.8,US,Adventure Travel + CF Early Tech + Non Parent *1.6M,75.11000000000001,2.5434744449017908,2343.1727462196386
2018-08-03,US_RCH_Outdoor_LeadGen,US_M_24-54_Adventure Travel + CF Early Tech + Non Parent *1.6M,25-34,male,11.15,1632.29,US,Adventure Travel + CF Early Tech + Non Parent *1.6M,144.23000000000002,1.0087249498800752,1618.1715344644335
2018-08-06,US_RCH_Outdoor_LeadGen,US_M_24-54_Adventure Travel + CF Early Tech + Non Parent *1.6M,25-34,male,12.07,488.82,US,Adventure Travel + CF Early Tech + Non Parent *1.6M,0,0.1395184345116273,3503.6230281043067
2018-08-07,US_RCH_Outdoor_LeadGen,US_M_24-54_Adventure Travel + CF Early Tech + Non Parent *1.6M,25-34,male,2.54,5078.74,US,Adventure Travel + CF Early Tech + Non Parent *1.6M,0,1.4495680497761587,3503.6230281043067
2018-07-22,US_RCH_Outdoor_LeadGen,US_M_24-54_Cabela's + CF Early Tech + Non Parent *1.2M,25-34,male,3.31,3716.01,US,Cabela's + CF Early Tech + Non Parent *1.2M,16.099999999999998,1.1561379212461658,3214.158044391993
2018-07-24,US_RCH_Outdoor_LeadGen,US_M_24-54_Cabela's + CF Early Tech + Non Parent *1.2M,25-34,male,7.17,822.87,US,Cabela's + CF Early Tech + Non Parent *1.2M,27.769999999999996,0.27252700335797114,3019.40721418765
2018-07-28,US_RCH_Outdoor_LeadGen,US_M_24-54_Cabela's + CF Early Tech + Non Parent *1.2M,25-34,male,9.63,1225.34,US,Cabela's + CF Early Tech + Non Parent *1.2M,60.74,0.48420169463550883,2530.639635456864
2018-07-31,US_RCH_Outdoor_LeadGen,US_M_24-54_Cabela's + CF Early Tech + Non Parent *1.2M,25-34,male,10.32,620.16,US,Cabela's + CF Early Tech + Non Parent *1.2M,87.43,0.28272026904245673,2193.5462996707506
2018-08-02,US_RCH_Outdoor_LeadGen,US_M_24-54_Cabela's + CF Early Tech + Non Parent *1.2M,25-34,male,9.58,1283.92,US,Cabela's + CF Early Tech + Non Parent *1.2M,107.82000000000001,0.6528602910989957,1966.607584355769
2018-07-24,US_RCH_Outdoor_LeadGen,US_M_24-54_Hiking Backpacking + CF Early Tech + Non Parent *4.7M,25-34,male,10.45,1291.87,US,Hiking Backpacking + CF Early Tech + Non Parent *4.7M,26.37,0.4246592519993303,3042.1331783489254
2018-07-25,US_RCH_Outdoor_LeadGen,US_M_24-54_Hiking Backpacking + CF Early Tech + Non Parent *4.7M,25-34,male,11.44,2307.69,US,Hiking Backpacking + CF Early Tech + Non Parent *4.7M,37.81,0.8065100486626179,2861.3282671761986
2018-07-29,US_RCH_Outdoor_LeadGen,US_M_24-54_Hiking Backpacking + CF Early Tech + Non Parent *4.7M,25-34,male,11.0,3672.73,US,Hiking Backpacking + CF Early Tech + Non Parent *4.7M,80.4,1.612462942577848,2277.714360448122
2018-07-30,US_RCH_Outdoor_LeadGen,US_M_24-54_Hiking Backpacking + CF Early Tech + Non Parent *4.7M,25-34,male,12.22,2504.09,US,Hiking Backpacking + CF Early Tech + Non Parent *4.7M,92.62,1.1737498942248117,2133.410202906808
2018-08-01,US_RCH_Outdoor_LeadGen,US_M_24-54_Hiking Backpacking + CF Early Tech + Non Parent *4.7M,25-34,male,19.76,2246.96,US,Hiking Backpacking + CF Early Tech + Non Parent *4.7M,129.99,1.2866107571629277,1746.4178559758927
2018-08-02,US_RCH_Outdoor_LeadGen,US_M_24-54_Hiking Backpacking + CF Early Tech + Non Parent *4.7M,25-34,male,20.62,2934.04,US,Hiking Backpacking + CF Early Tech + Non Parent *4.7M,150.61,1.8762122411904663,1563.8102852043735
2018-08-07,US_RCH_Outdoor_LeadGen,US_M_24-54_Hiking Backpacking + CF Early Tech + Non Parent *4.7M,25-34,male,4.09,1442.54,US,Hiking Backpacking + CF Early Tech + Non Parent *4.7M,0,0.41172808502189523,3503.6230281043067
2018-07-25,US_RCH_Outdoor_LeadGen,US_M_24-54_Hiking Backpacking + CF Early Tech + Parent *1.4M,25-34,male,5.83,9897.08,US,Hiking Backpacking + CF Early Tech + Parent *1.4M,25.019999999999996,3.2298966692196913,3064.209482091893
2018-07-28,US_RCH_Outdoor_LeadGen,US_M_24-54_Hiking Backpacking + CF Early Tech + Parent *1.4M,25-34,male,5.87,7291.31,US,Hiking Backpacking + CF Early Tech + Parent *1.4M,44.099999999999994,2.635536415656032,2766.537376105677
2018-07-19,US_RCH_Outdoor_LeadGen,US_M_24-54_Hunting + CF Early Tech + Non Parent *4.7M,25-34,male,4.21,1401.43,US,Hunting + CF Early Tech + Non Parent *4.7M,4.21,0.40911641188317976,3425.504231299741
2018-07-31,US_RCH_Outdoor_LeadGen,US_M_24-54_Hunting + CF Early Tech + Non Parent *4.7M,25-34,male,7.54,2493.37,US,Hunting + CF Early Tech + Non Parent *4.7M,64.81,1.0069864678107996,2476.071009594216
2018-08-05,US_RCH_Outdoor_LeadGen,US_M_24-54_Hunting + CF Early Tech + Non Parent *4.7M,25-34,male,8.07,731.1,US,Hunting + CF Early Tech + Non Parent *4.7M,0,0.20866970965069087,3503.6230281043067
2018-07-20,US_RCH_Outdoor_LeadGen,US_M_24-54_Mountain Biking + CF Early Tech + Non Parent *2.7M,25-34,male,3.55,3464.79,US,Mountain Biking + CF Early Tech + Non Parent *2.7M,8.620000000000001,1.0356439965370399,3345.5415293145875
2018-07-21,US_RCH_Outdoor_LeadGen,US_M_24-54_Mountain Biking + CF Early Tech + Non Parent *2.7M,25-34,male,3.73,1581.77,US,Mountain Biking + CF Early Tech + Non Parent *2.7M,12.350000000000001,0.48233996431554305,3279.3674939305224
2018-07-25,US_RCH_Outdoor_LeadGen,US_M_24-54_Mountain Biking + CF Early Tech + Non Parent *2.7M,25-34,male,2.6,2269.23,US,Mountain Biking + CF Early Tech + Non Parent *2.7M,23.05,0.7327868299231621,3096.712314327408
2018-07-29,US_RCH_Outdoor_LeadGen,US_M_24-54_Mountain Biking + CF Early Tech + Non Parent *2.7M,25-34,male,3.56,10730.34,US,Mountain Biking + CF Early Tech + Non Parent *2.7M,36.120000000000005,3.716333633108632,2887.3457174038235
2018-07-24,US_RCH_Outdoor_LeadGen,US_M_24-54_Mountain Biking + CF Early Tech + Parent *590K,25-34,male,7.12,3707.87,US,Mountain Biking + CF Early Tech + Parent *590K,19.98,1.1778297604610188,3148.052566228831
2018-07-26,US_RCH_Outdoor_LeadGen,US_M_24-54_Nature + CF Early Tech + Non Parent *4.7M,25-34,male,14.66,402.46,US,Nature + CF Early Tech + Non Parent *4.7M,60.260000000000005,0.1586265544781208,2537.1540176491126
2018-07-29,US_RCH_Outdoor_LeadGen,US_M_24-54_Nature + CF Early Tech + Non Parent *4.7M,25-34,male,12.18,2504.11,US,Nature + CF Early Tech + Non Parent *4.7M,100.06,1.2214767038499643,2050.0677516872097
2018-07-30,US_RCH_Outdoor_LeadGen,US_M_24-54_Nature + CF Early Tech + Non Parent *4.7M,25-34,male,13.74,2387.19,US,Nature + CF Early Tech + Non Parent *4.7M,113.8,1.2533701009654448,1904.6169987310193
2018-08-04,US_RCH_Outdoor_LeadGen,US_M_24-54_Nature + CF Early Tech + Non Parent *4.7M,25-34,male,17.17,1881.19,US,Nature + CF Early Tech + Non Parent *4.7M,0,0.5369270566239682,3503.6230281043067
2018-08-05,US_RCH_Outdoor_LeadGen,US_M_24-54_Nature + CF Early Tech + Non Parent *4.7M,25-34,male,18.54,2680.69,US,Nature + CF Early Tech + Non Parent *4.7M,0,0.7651194145308583,3503.6230281043067
2018-08-06,US_RCH_Outdoor_LeadGen,US_M_24-54_Nature + CF Early Tech + Non Parent *4.7M,25-34,male,23.02,1403.13,US,Nature + CF Early Tech + Non Parent *4.7M,0,0.4004797287678483,3503.6230281043067
2018-07-29,US_RCH_Outdoor_LeadGen,US_M_24-54_Off-Grid/Survival + CF Early Tech + Non Parent *940M,25-34,male,10.52,560.84,US,Off-Grid/Survival + CF Early Tech + Non Parent *940M,95.42,0.2668564359779154,2101.6543893526864
2018-07-31,US_RCH_Outdoor_LeadGen,US_M_24-54_Off-Grid/Survival + CF Early Tech + Non Parent *940M,25-34,male,16.94,761.51,US,Off-Grid/Survival + CF Early Tech + Non Parent *940M,126.28999999999999,0.42748501217626717,1781.3723950770993
2018-08-01,US_RCH_Outdoor_LeadGen,US_M_24-54_Off-Grid/Survival + CF Early Tech + Non Parent *940M,25-34,male,20.9,617.22,US,Off-Grid/Survival + CF Early Tech + Non Parent *940M,147.19,0.3875258495320488,1592.719558567035
2018-07-29,US_RCH_Outdoor_LeadGen,US_M_24-54_Outdoor Fashion Brands + CF Early Tech + Non Parent *1.4M,25-34,male,7.44,2513.44,US,Outdoor Fashion Brands + CF Early Tech + Non Parent *1.4M,65.83,1.0206528317327979,2462.580734462712
2018-08-01,US_RCH_Outdoor_LeadGen,US_M_24-54_Outdoor Fashion Brands + CF Early Tech + Non Parent *1.4M,25-34,male,12.22,482.82,US,Outdoor Fashion Brands + CF Early Tech + Non Parent *1.4M,96.27000000000001,0.2307815756141581,2092.1080840839
2018-08-02,US_RCH_Outdoor_LeadGen,US_M_24-54_Outdoor Fashion Brands + CF Early Tech + Non Parent *1.4M,25-34,male,10.67,1265.23,US,Outdoor Fashion Brands + CF Early Tech + Non Parent *1.4M,106.94000000000001,0.6403314117182893,1975.898693779264
2018-08-07,US_RCH_Outdoor_LeadGen,US_M_24-54_Outdoor Fashion Brands + CF Early Tech + Non Parent *1.4M,25-34,male,2.76,4673.91,US,Outdoor Fashion Brands + CF Early Tech + Non Parent *1.4M,0,1.3340219431452065,3503.6230281043067
2018-07-22,US_RCH_Outdoor_LeadGen,US_M_24-54_REI/Dick's + CF Early Tech + Non Parent *1.4M,25-34,male,3.56,1657.3,US,REI/Dick's + CF Early Tech + Non Parent *1.4M,14.889999999999999,0.5122940673163676,3235.056007346915
2018-07-25,US_RCH_Outdoor_LeadGen,US_M_24-54_REI/Dick's + CF Early Tech + Non Parent *1.4M,25-34,male,24.1,3228.22,US,REI/Dick's + CF Early Tech + Non Parent *1.4M,74.66,1.374396603627363,2348.827108186932
2018-07-27,US_RCH_Outdoor_LeadGen,US_M_24-54_REI/Dick's + CF Early Tech + Non Parent *1.4M,25-34,male,25.61,1194.85,US,REI/Dick's + CF Early Tech + Non Parent *1.4M,124.00999999999999,0.6626057055740495,1803.2594496976747
2018-07-28,US_RCH_Outdoor_LeadGen,US_M_24-54_REI/Dick's + CF Early Tech + Non Parent *1.4M,25-34,male,24.87,2854.85,US,REI/Dick's + CF Early Tech + Non Parent *1.4M,148.88,1.808735586390323,1578.3677954263055
2018-07-29,US_RCH_Outdoor_LeadGen,US_M_24-54_REI/Dick's + CF Early Tech + Non Parent *1.4M,25-34,male,23.15,807.78,US,REI/Dick's + CF Early Tech + Non Parent *1.4M,172.03,0.5793406545647167,1394.3091920709749
2018-08-01,US_RCH_Outdoor_LeadGen,US_M_24-54_REI/Dick's + CF Early Tech + Non Parent *1.4M,25-34,male,20.86,589.65,US,REI/Dick's + CF Early Tech + Non Parent *1.4M,232.26,0.5838966315285735,1009.8534024016628
2018-08-04,US_RCH_Outdoor_LeadGen,US_M_24-54_REI/Dick's + CF Early Tech + Non Parent *1.4M,25-34,male,19.08,644.65,US,REI/Dick's + CF Early Tech + Non Parent *1.4M,0,0.1839952514379946,3503.6230281043067
2018-08-05,US_RCH_Outdoor_LeadGen,US_M_24-54_REI/Dick's + CF Early Tech + Non Parent *1.4M,25-34,male,18.08,5132.74,US,REI/Dick's + CF Early Tech + Non Parent *1.4M,0,1.4649806668205265,3503.6230281043067
2018-08-06,US_RCH_Outdoor_LeadGen,US_M_24-54_REI/Dick's + CF Early Tech + Non Parent *1.4M,25-34,male,19.58,929.52,US,REI/Dick's + CF Early Tech + Non Parent *1.4M,0,0.2653025147237179,3503.6230281043067
2018-08-07,US_RCH_Outdoor_LeadGen,US_M_24-54_REI/Dick's + CF Early Tech + Non Parent *1.4M,25-34,male,4.62,1277.06,US,REI/Dick's + CF Early Tech + Non Parent *1.4M,0,0.36449697634593253,3503.6230281043067
2018-07-23,US_RCH_Outdoor_LeadGen,US_M_24-54_REI/Dick's + CF Early Tech + Parent *580K,25-34,male,3.48,9281.61,US,REI/Dick's + CF Early Tech + Parent *580K,10.17,2.797450041747856,3317.8823076321396
2018-07-26,US_RCH_Outdoor_LeadGen,US_M_24-54_REI/Dick's + CF Early Tech + Parent *580K,25-34,male,5.94,6548.82,US,REI/Dick's + CF Early Tech + Parent *580K,30.320000000000004,2.1987351022718706,2978.4488332556975
2018-07-28,US_RCH_Outdoor_LeadGen,US_M_24-54_REI/Dick's + CF Early Tech + Parent *580K,25-34,male,8.74,675.06,US,REI/Dick's + CF Early Tech + Parent *580K,48.49,0.24981435716198824,2702.2466109194347
2018-08-04,US_RCH_Outdoor_LeadGen,US_M_24-54_Ecotourism + CF Early Tech + Non Parent *840K - Dynamic Ad,25-34,male,25.48,251.18,US,Ecotourism + CF Early Tech + Non Parent *840K - Dynamic Ad,0,0.07169150276304272,3503.6230281043067
2018-08-05,US_RCH_Outdoor_LeadGen,US_M_24-54_Ecotourism + CF Early Tech + Non Parent *840K - Dynamic Ad,25-34,male,21.62,272.9,US,Ecotourism + CF Early Tech + Non Parent *840K - Dynamic Ad,0,0.07789079984088843,3503.6230281043067
2018-07-12,US_RCH_Campers_LeadGen,US_M/F_25-64_Camping Enthusiast,35-44,female,1.88,3138.3,US,Camping Enthusiast,4.39,0.917040773614267,3422.2033417677208
2018-07-29,US_RCH_Campers_LeadGen,US_M/F_25-64_Outdoor Activists,35-44,female,4.52,1305.31,US,Outdoor Activists,67.22999999999999,0.5340472977805693,2444.184261253072
2018-07-28,US_RCH_Campers_LeadGen,US_M/F_25-64_Outdoor Activists,35-44,male,0.76,7763.16,US,Outdoor Activists,31.540000000000003,2.6235311821736484,2959.05002111241
2018-08-02,US_RCH_Campers_LeadGen,US_M/F_25-64_Outdoor Activists,35-44,male,3.84,6875.0,US,Outdoor Activists,42.620000000000005,2.4654348952292784,2788.554673783282
2018-07-15,EN_RCH_Lookalikes_LeadGen,"AU_M/F_18-64_Lookalike (AU, 2%) - rainfactoryS71C",35-44,female,1.55,3806.45,AU,"Lookalike (AU, 2%) - rainfactoryS71C",6.819999999999999,1.1268516150981103,3377.951408152872
2018-07-29,EN_RCH_Lookalikes_LeadGen,"AU_M/F_18-64_Lookalike (AU, 2%) - rainfactoryS71C",35-44,female,1.1,5363.64,AU,"Lookalike (AU, 2%) - rainfactoryS71C",23.009999999999998,1.7316723238351661,3097.3758292337025
2018-07-14,EN_RCH_Lookalikes_LeadGen,"CA_M/F_18-64_Lookalike (CA, 2%) - rainfactoryP22C",35-44,female,0.71,20704.23,CA,"Lookalike (CA, 2%) - rainfactoryP22C",1.6099999999999999,5.960555358258796,3473.540426281376
2018-07-15,EN_RCH_Lookalikes_LeadGen,"CA_M/F_18-64_Lookalike (CA, 2%) - rainfactoryP22C",35-44,female,0.72,8194.44,CA,"Lookalike (CA, 2%) - rainfactoryP22C",2.33,2.3682181815961094,3460.1710533601213
2018-07-18,EN_RCH_Lookalikes_LeadGen,"CA_M/F_18-64_Lookalike (CA, 2%) - rainfactoryS71C",35-44,female,3.51,1680.91,CA,"Lookalike (CA, 2%) - rainfactoryS71C",19.08,0.5313846427420239,3163.264168355062
2018-07-23,EN_RCH_Lookalikes_LeadGen,"CA_M/F_18-64_Lookalike (CA, 2%) - rainfactoryS71C",35-44,female,2.42,2438.02,CA,"Lookalike (CA, 2%) - rainfactoryS71C",32.76,0.8293212512656251,2939.777554571698
2018-08-02,EN_RCH_Lookalikes_LeadGen,"CA_M/F_18-64_Lookalike (CA, 2%) - rainfactoryS71C",35-44,female,3.5,16485.71,CA,"Lookalike (CA, 2%) - rainfactoryS71C",72.06000000000002,6.921635990611858,2381.764950130337
2018-07-14,EN_RCH_Lookalikes_LeadGen,"GB_M/F_18-64_Lookalike (GB, 2%) - rainfactoryP22C",35-44,female,0.51,11568.63,GB,"Lookalike (GB, 2%) - rainfactoryP22C",0.8300000000000001,3.316616207551929,3488.0822127258043
2018-07-24,EN_RCH_Lookalikes_LeadGen,"GB_M/F_18-64_Lookalike (GB, 2%) - rainfactoryP22C",35-44,female,0.5,41200.0,GB,"Lookalike (GB, 2%) - rainfactoryP22C",3.98,12.012619075576824,3429.726668330374
2018-07-19,EN_RCH_Lookalikes_LeadGen,"GB_M/F_18-64_Lookalike (GB, 2%) - rainfactoryS71C",35-44,female,2.69,2193.31,GB,"Lookalike (GB, 2%) - rainfactoryS71C",19.790000000000003,0.6960109703210607,3151.257801278987
2018-08-02,EN_RCH_Lookalikes_LeadGen,"GB_M/F_18-64_Lookalike (GB, 2%) - rainfactoryS71C",35-44,female,3.53,1671.39,GB,"Lookalike (GB, 2%) - rainfactoryS71C",68.03999999999999,0.6867963744713482,2433.6034116174956
2018-08-03,EN_RCH_Lookalikes_LeadGen,"GB_M/F_18-64_Lookalike (GB, 2%) - rainfactoryS71C",35-44,female,5.67,1040.56,GB,"Lookalike (GB, 2%) - rainfactoryS71C",73.71,0.4407641724146664,2360.8089430214663
2018-08-05,EN_RCH_Lookalikes_LeadGen,"GB_M/F_18-64_Lookalike (GB, 2%) - rainfactoryS71C",35-44,female,6.29,4117.65,GB,"Lookalike (GB, 2%) - rainfactoryS71C",0,1.1752548624581687,3503.6230281043067
2018-07-13,EN_RCH_Lookalikes_LeadGen,"AU_M/F_18-64_Lookalike (AU, 2%) - rainfactoryP22C",35-44,male,3.69,5094.85,AU,"Lookalike (AU, 2%) - rainfactoryP22C",4.59,1.4903587112089456,3418.5394171764005
2018-07-31,EN_RCH_Lookalikes_LeadGen,"AU_M/F_18-64_Lookalike (AU, 2%) - rainfactoryP22C",35-44,male,6.24,3782.05,AU,"Lookalike (AU, 2%) - rainfactoryP22C",64.89,1.5280946610924921,2475.0102832609014
2018-08-04,EN_RCH_Lookalikes_LeadGen,"AU_M/F_18-64_Lookalike (AU, 2%) - rainfactoryP22C",35-44,male,7.36,1603.26,AU,"Lookalike (AU, 2%) - rainfactoryP22C",0,0.4576006000472803,3503.6230281043067
2018-07-26,EN_RCH_Lookalikes_LeadGen,"AU_M/F_18-64_Lookalike (AU, 2%) - rainfactoryS71C",35-44,male,2.57,37587.55,AU,"Lookalike (AU, 2%) - rainfactoryS71C",57.04,14.5615349902777,2581.2903670592477
2018-07-31,EN_RCH_Lookalikes_LeadGen,"AU_M/F_18-64_Lookalike (AU, 2%) - rainfactoryS71C",35-44,male,6.38,9326.02,AU,"Lookalike (AU, 2%) - rainfactoryS71C",79.13,4.066707537953802,2293.260558562927
2018-07-19,EN_RCH_Lookalikes_LeadGen,"CA_M/F_18-64_Lookalike (CA, 2%) - rainfactoryP22C",35-44,male,5.49,1074.68,CA,"Lookalike (CA, 2%) - rainfactoryP22C",33.56,0.3671348179975612,2927.208064496729
2018-07-25,EN_RCH_Lookalikes_LeadGen,"CA_M/F_18-64_Lookalike (CA, 2%) - rainfactoryP22C",35-44,male,6.33,6540.28,CA,"Lookalike (CA, 2%) - rainfactoryP22C",69.33,2.7061209269567286,2416.8469098515566
2018-07-28,EN_RCH_Lookalikes_LeadGen,"CA_M/F_18-64_Lookalike (CA, 2%) - rainfactoryP22C",35-44,male,5.89,1001.7,CA,"Lookalike (CA, 2%) - rainfactoryP22C",85.29,0.45145349851079997,2218.8331761837853
2018-07-29,EN_RCH_Lookalikes_LeadGen,"CA_M/F_18-64_Lookalike (CA, 2%) - rainfactoryP22C",35-44,male,5.85,4222.22,CA,"Lookalike (CA, 2%) - rainfactoryP22C",91.14,1.9634681863684469,2150.388801465254
2018-08-02,EN_RCH_Lookalikes_LeadGen,"CA_M/F_18-64_Lookalike (CA, 2%) - rainfactoryP22C",35-44,male,7.16,8687.15,CA,"Lookalike (CA, 2%) - rainfactoryP22C",119.63,4.705771158493808,1846.0629952903457
2018-08-03,EN_RCH_Lookalikes_LeadGen,"CA_M/F_18-64_Lookalike (CA, 2%) - rainfactoryP22C",35-44,male,7.06,8243.63,CA,"Lookalike (CA, 2%) - rainfactoryP22C",126.69,4.637609867297663,1777.5600440499245
2018-08-04,EN_RCH_Lookalikes_LeadGen,"CA_M/F_18-64_Lookalike (CA, 2%) - rainfactoryP22C",35-44,male,8.25,1430.3,CA,"Lookalike (CA, 2%) - rainfactoryP22C",0,0.4082345584918385,3503.6230281043067
2018-08-06,EN_RCH_Lookalikes_LeadGen,"CA_M/F_18-64_Lookalike (CA, 2%) - rainfactoryP22C",35-44,male,8.38,5334.13,CA,"Lookalike (CA, 2%) - rainfactoryP22C",0,1.522461165830994,3503.6230281043067
2018-08-07,EN_RCH_Lookalikes_LeadGen,"CA_M/F_18-64_Lookalike (CA, 2%) - rainfactoryP22C",35-44,male,2.04,2892.16,CA,"Lookalike (CA, 2%) - rainfactoryP22C",0,0.8254769353896075,3503.6230281043067
2018-07-25,EN_RCH_Lookalikes_LeadGen,"CA_M/F_18-64_Lookalike (CA, 2%) - rainfactoryS71C",35-44,male,7.4,2675.68,CA,"Lookalike (CA, 2%) - rainfactoryS71C",67.04,1.0935994193234146,2446.672842653284
2018-07-26,EN_RCH_Lookalikes_LeadGen,"CA_M/F_18-64_Lookalike (CA, 2%) - rainfactoryS71C",35-44,male,5.98,2157.19,CA,"Lookalike (CA, 2%) - rainfactoryS71C",73.02000000000001,0.9103796694928763,2369.549839795582
2018-07-27,EN_RCH_Lookalikes_LeadGen,"CA_M/F_18-64_Lookalike (CA, 2%) - rainfactoryS71C",35-44,male,7.26,8333.33,CA,"Lookalike (CA, 2%) - rainfactoryS71C",80.28000000000002,3.6562862463416947,2279.1787728157037
2018-07-28,EN_RCH_Lookalikes_LeadGen,"CA_M/F_18-64_Lookalike (CA, 2%) - rainfactoryS71C",35-44,male,6.82,865.1,CA,"Lookalike (CA, 2%) - rainfactoryS71C",87.10000000000002,0.39368774392144695,2197.426801715764
2018-08-06,EN_RCH_Lookalikes_LeadGen,"CA_M/F_18-64_Lookalike (CA, 2%) - rainfactoryS71C",35-44,male,6.79,868.92,CA,"Lookalike (CA, 2%) - rainfactoryS71C",0,0.24800613337392735,3503.6230281043067
2018-07-18,EN_RCH_Lookalikes_LeadGen,"GB_M/F_18-64_Lookalike (GB, 2%) - rainfactoryP22C",35-44,male,4.38,1347.03,GB,"Lookalike (GB, 2%) - rainfactoryP22C",29.78,0.4509527425831028,2987.075746083894
2018-07-23,EN_RCH_Lookalikes_LeadGen,"GB_M/F_18-64_Lookalike (GB, 2%) - rainfactoryP22C",35-44,male,4.32,1365.74,GB,"Lookalike (GB, 2%) - rainfactoryP22C",55.23000000000001,0.5239875098727442,2606.436173128791
2018-07-26,EN_RCH_Lookalikes_LeadGen,"GB_M/F_18-64_Lookalike (GB, 2%) - rainfactoryP22C",35-44,male,6.25,944.0,GB,"Lookalike (GB, 2%) - rainfactoryP22C",73.82000000000001,0.4000985921421412,2359.418449702091
2018-07-30,EN_RCH_Lookalikes_LeadGen,"GB_M/F_18-64_Lookalike (GB, 2%) - rainfactoryP22C",35-44,male,6.82,2756.6,GB,"Lookalike (GB, 2%) - rainfactoryP22C",101.0,1.3514253710219868,2039.7722723788881
2018-08-04,EN_RCH_Lookalikes_LeadGen,"GB_M/F_18-64_Lookalike (GB, 2%) - rainfactoryP22C",35-44,male,7.54,1564.99,GB,"Lookalike (GB, 2%) - rainfactoryP22C",0,0.44667762126417,3503.6230281043067
2018-08-06,EN_RCH_Lookalikes_LeadGen,"GB_M/F_18-64_Lookalike (GB, 2%) - rainfactoryP22C",35-44,male,8.22,717.76,GB,"Lookalike (GB, 2%) - rainfactoryP22C",0,0.2048622224030637,3503.6230281043067
2018-07-20,EN_RCH_Lookalikes_LeadGen,"GB_M/F_18-64_Lookalike (GB, 2%) - rainfactoryS71C",35-44,male,7.53,2350.6,GB,"Lookalike (GB, 2%) - rainfactoryS71C",41.78,0.839161686940215,2801.128836769052
2018-07-26,EN_RCH_Lookalikes_LeadGen,"GB_M/F_18-64_Lookalike (GB, 2%) - rainfactoryS71C",35-44,male,6.99,844.06,GB,"Lookalike (GB, 2%) - rainfactoryS71C",86.44,0.3827574732856383,2205.208412404029
2018-07-29,EN_RCH_Lookalikes_LeadGen,"GB_M/F_18-64_Lookalike (GB, 2%) - rainfactoryS71C",35-44,male,7.33,804.91,GB,"Lookalike (GB, 2%) - rainfactoryS71C",108.62,0.41104606028000107,1958.199038452533
2018-07-30,EN_RCH_Lookalikes_LeadGen,"GB_M/F_18-64_Lookalike (GB, 2%) - rainfactoryS71C",35-44,male,7.07,3663.37,GB,"Lookalike (GB, 2%) - rainfactoryS71C",115.69,1.94298500874037,1885.4340015597697
2018-08-06,EN_RCH_Lookalikes_LeadGen,"GB_M/F_18-64_Lookalike (GB, 2%) - rainfactoryS71C",35-44,male,5.69,4534.27,GB,"Lookalike (GB, 2%) - rainfactoryS71C",0,1.294166057143808,3503.6230281043067
2018-07-24,US_RCH_Lookalikes_LeadGen,"US_M/F_25-64_Lookalike (US, 2%) - rainfactoryP22C",35-44,female,2.6,2269.23,US,"Lookalike (US, 2%) - rainfactoryP22C",8.85,0.6791208954733691,3341.422735076166
2018-07-25,US_RCH_Lookalikes_LeadGen,"US_M/F_25-64_Lookalike (US, 2%) - rainfactoryP22C",35-44,female,1.88,17180.85,US,"Lookalike (US, 2%) - rainfactoryP22C",10.73,5.193812691586833,3307.945630736799
2018-07-26,US_RCH_Lookalikes_LeadGen,"US_M/F_25-64_Lookalike (US, 2%) - rainfactoryP22C",35-44,female,2.85,9263.16,US,"Lookalike (US, 2%) - rainfactoryP22C",13.58,2.843349043633798,3257.834285502173
2018-07-28,US_RCH_Lookalikes_LeadGen,"US_M/F_25-64_Lookalike (US, 2%) - rainfactoryP22C",35-44,female,8.4,702.38,US,"Lookalike (US, 2%) - rainfactoryP22C",28.060000000000002,0.23298342005824224,3014.7209609354
2018-08-04,US_RCH_Lookalikes_LeadGen,"US_M/F_25-64_Lookalike (US, 2%) - rainfactoryP22C",35-44,female,10.76,2295.54,US,"Lookalike (US, 2%) - rainfactoryP22C",0,0.6551903505560757,3503.6230281043067
2018-08-05,US_RCH_Lookalikes_LeadGen,"US_M/F_25-64_Lookalike (US, 2%) - rainfactoryP22C",35-44,female,10.45,2526.32,US,"Lookalike (US, 2%) - rainfactoryP22C",0,0.7210593091023573,3503.6230281043067
2018-07-18,US_RCH_Lookalikes_LeadGen,"US_M/F_25-64_Lookalike (US, 2%) - rainfactoryS71C",35-44,female,2.27,5418.5,US,"Lookalike (US, 2%) - rainfactoryS71C",14.639999999999999,1.6726911144020784,3239.3906761063304
2018-07-23,US_RCH_Lookalikes_LeadGen,"US_M/F_25-64_Lookalike (US, 2%) - rainfactoryS71C",35-44,female,6.68,5718.56,US,"Lookalike (US, 2%) - rainfactoryS71C",38.31,2.003927683000197,2853.675832971383
2018-07-24,US_RCH_Lookalikes_LeadGen,"US_M/F_25-64_Lookalike (US, 2%) - rainfactoryS71C",35-44,female,12.88,458.07,US,"Lookalike (US, 2%) - rainfactoryS71C",51.190000000000005,0.17198371583838076,2663.4498374861532
2018-07-30,US_RCH_Lookalikes_LeadGen,"US_M/F_25-64_Lookalike (US, 2%) - rainfactoryS71C",35-44,female,12.45,473.9,US,"Lookalike (US, 2%) - rainfactoryS71C",127.24000000000001,0.267387919331655,1772.3313797591484
2018-07-31,US_RCH_Lookalikes_LeadGen,"US_M/F_25-64_Lookalike (US, 2%) - rainfactoryS71C",35-44,female,12.16,8009.87,US,"Lookalike (US, 2%) - rainfactoryS71C",139.4,4.823539808472158,1660.5792256407442
2018-08-01,US_RCH_Lookalikes_LeadGen,"US_M/F_25-64_Lookalike (US, 2%) - rainfactoryS71C",35-44,female,8.48,6851.42,US,"Lookalike (US, 2%) - rainfactoryS71C",147.88,4.317638563792158,1586.8442665526027
2018-08-04,US_RCH_Lookalikes_LeadGen,"US_M/F_25-64_Lookalike (US, 2%) - rainfactoryS71C",35-44,female,19.58,4131.77,US,"Lookalike (US, 2%) - rainfactoryS71C",0,1.179284976396437,3503.6230281043067
2018-08-05,US_RCH_Lookalikes_LeadGen,"US_M/F_25-64_Lookalike (US, 2%) - rainfactoryS71C",35-44,female,16.81,3319.45,US,"Lookalike (US, 2%) - rainfactoryS71C",0,0.9474335490356801,3503.6230281043067
2018-07-28,US_RCH_Lookalikes_LeadGen,"US_M/F_25-64_Lookalike (US, 2%) - rainfactoryP22C",35-44,male,15.93,2467.04,US,"Lookalike (US, 2%) - rainfactoryP22C",122.75999999999999,1.3589715173801693,1815.3728525200952
2018-08-01,US_RCH_Lookalikes_LeadGen,"US_M/F_25-64_Lookalike (US, 2%) - rainfactoryP22C",35-44,male,12.85,2513.62,US,"Lookalike (US, 2%) - rainfactoryP22C",187.1,1.954316048139757,1286.189100474626
2018-08-04,US_RCH_Lookalikes_LeadGen,"US_M/F_25-64_Lookalike (US, 2%) - rainfactoryP22C",35-44,male,19.59,602.35,US,"Lookalike (US, 2%) - rainfactoryP22C",0,0.17192203475323983,3503.6230281043067
2018-07-16,US_RCH_Lookalikes_LeadGen,"US_M/F_25-64_Lookalike (US, 2%) - rainfactoryS71C",35-44,male,4.64,1379.31,US,"Lookalike (US, 2%) - rainfactoryS71C",22.02,0.44296064709069544,3113.8432026842975
2018-07-21,US_RCH_Lookalikes_LeadGen,"US_M/F_25-64_Lookalike (US, 2%) - rainfactoryS71C",35-44,male,5.6,1053.57,US,"Lookalike (US, 2%) - rainfactoryS71C",46.93,0.38664260241114273,2724.9195857617083
2018-07-23,US_RCH_Lookalikes_LeadGen,"US_M/F_25-64_Lookalike (US, 2%) - rainfactoryS71C",35-44,male,11.22,6818.18,US,"Lookalike (US, 2%) - rainfactoryS71C",64.8,2.753481139812568,2476.2036323459693
2018-07-26,US_RCH_Lookalikes_LeadGen,"US_M/F_25-64_Lookalike (US, 2%) - rainfactoryS71C",35-44,male,15.02,818.91,US,"Lookalike (US, 2%) - rainfactoryS71C",111.83,0.4254476306746233,1924.8197450329474
2018-07-30,US_RCH_Lookalikes_LeadGen,"US_M/F_25-64_Lookalike (US, 2%) - rainfactoryS71C",35-44,male,11.69,6775.02,US,"Lookalike (US, 2%) - rainfactoryS71C",166.59999999999997,4.719769508533234,1435.4556907389062
2018-07-31,US_RCH_Lookalikes_LeadGen,"US_M/F_25-64_Lookalike (US, 2%) - rainfactoryS71C",35-44,male,16.83,1883.54,US,"Lookalike (US, 2%) - rainfactoryS71C",183.42999999999995,1.4359299390464233,1311.7213791439065
2018-08-01,US_RCH_Lookalikes_LeadGen,"US_M/F_25-64_Lookalike (US, 2%) - rainfactoryS71C",35-44,male,18.21,351.46,US,"Lookalike (US, 2%) - rainfactoryS71C",201.63999999999996,0.2953877729408273,1189.8258228528816
2018-08-02,US_RCH_Lookalikes_LeadGen,"US_M/F_25-64_Lookalike (US, 2%) - rainfactoryS71C",35-44,male,18.77,628.66,US,"Lookalike (US, 2%) - rainfactoryS71C",220.40999999999997,0.5842426512998597,1076.0255154280806
2018-08-04,US_RCH_Lookalikes_LeadGen,"US_M/F_25-64_Lookalike (US, 2%) - rainfactoryS71C",35-44,male,16.61,3949.43,US,"Lookalike (US, 2%) - rainfactoryS71C",0,1.1272417061766216,3503.6230281043067
2018-08-06,US_RCH_Lookalikes_LeadGen,"US_M/F_25-64_Lookalike (US, 2%) - rainfactoryS71C",35-44,male,17.13,2872.15,US,"Lookalike (US, 2%) - rainfactoryS71C",0,0.8197657045181669,3503.6230281043067
2018-08-06,US_RCH_Lookalikes_LeadGen,"US_M/F_25-64_Lookalike (US, 2%) - rainfactoryS71C",35-44,unknown,1.01,24356.44,US,"Lookalike (US, 2%) - rainfactoryS71C",0,6.95178670896522,3503.6230281043067
2018-07-29,US_RCH_BeachGoers_LeadGen,US_M/F_18-64_Beach Activity Enthusiasts + Tech Adopters/Crowdfunding,35-44,female,7.45,5100.67,US,Beach Activity Enthusiasts + Tech Adopters/Crowdfunding,30.39,1.7131678264297445,2977.3323554819713
2018-08-03,US_RCH_BeachGoers_LeadGen,US_M_25-55_Beachgoers + Parents w/ Young/Teenage Kids + Tech Adopters/Crowdfunding,35-44,male,8.19,1440.78,US,Beachgoers + Parents w/ Young/Teenage Kids + Tech Adopters/Crowdfunding,90.05,0.6661089009197749,2162.97965394329
2018-08-06,US_RCH_BeachGoers_LeadGen,US_M_25-55_Beachgoers + Parents w/ Young/Teenage Kids + Tech Adopters/Crowdfunding,35-44,male,12.04,490.03,US,Beachgoers + Parents w/ Young/Teenage Kids + Tech Adopters/Crowdfunding,0,0.13986379130095478,3503.6230281043067
2018-08-05,US_RCH_BeachGoers_LeadGen,US_M_25-55_Beachgoers + Parents w/ Young/Teenage Kids + Tech Adopters/Crowdfunding - Copy,35-44,male,7.73,763.26,US,Beachgoers + Parents w/ Young/Teenage Kids + Tech Adopters/Crowdfunding - Copy,0,0.21784877935711436,3503.6230281043067
2018-08-06,US_RCH_BeachGoers_LeadGen,US_M_25-55_Beachgoers + Parents w/ Young/Teenage Kids + Tech Adopters/Crowdfunding - Copy,35-44,male,16.52,357.14,US,Beachgoers + Parents w/ Young/Teenage Kids + Tech Adopters/Crowdfunding - Copy,0,0.10193448243010222,3503.6230281043067
2018-07-23,US_RCH_Outdoor_LeadGen,US_M_24-54_Adventure Travel + CF Early Tech + Non Parent *1.6M,35-44,male,5.84,1095.89,US,Adventure Travel + CF Early Tech + Non Parent *1.6M,21.36,0.3506993821696942,3124.8700617035242
2018-07-30,US_RCH_Outdoor_LeadGen,US_M_24-54_Adventure Travel + CF Early Tech + Non Parent *1.6M,35-44,male,8.93,1321.39,US,Adventure Travel + CF Early Tech + Non Parent *1.6M,85.91999999999999,0.5975466354558303,2211.3587820505354
2018-07-31,US_RCH_Outdoor_LeadGen,US_M_24-54_Adventure Travel + CF Early Tech + Non Parent *1.6M,35-44,male,8.8,670.45,US,Adventure Travel + CF Early Tech + Non Parent *1.6M,94.71999999999998,0.317816784076714,2109.5487513276457
2018-08-03,US_RCH_Outdoor_LeadGen,US_M_24-54_Adventure Travel + CF Early Tech + Non Parent *1.6M,35-44,male,8.83,5662.51,US,Adventure Travel + CF Early Tech + Non Parent *1.6M,119.71999999999998,3.068822811566698,1845.173327915003
2018-08-04,US_RCH_Outdoor_LeadGen,US_M_24-54_Adventure Travel + CF Early Tech + Non Parent *1.6M,35-44,male,9.85,598.98,US,Adventure Travel + CF Early Tech + Non Parent *1.6M,0,0.1709601732821376,3503.6230281043067
2018-07-25,US_RCH_Outdoor_LeadGen,US_M_24-54_Cabela's + CF Early Tech + Non Parent *1.2M,35-44,male,9.26,2796.98,US,Cabela's + CF Early Tech + Non Parent *1.2M,41.9,0.9991608480920332,2799.3290623236758
2018-07-28,US_RCH_Outdoor_LeadGen,US_M_24-54_Cabela's + CF Early Tech + Non Parent *1.2M,35-44,male,10.06,12415.51,US,Cabela's + CF Early Tech + Non Parent *1.2M,70.66,5.173793964239278,2399.691616213306
2018-07-30,US_RCH_Outdoor_LeadGen,US_M_24-54_Cabela's + CF Early Tech + Non Parent *1.2M,35-44,male,10.63,7460.02,US,Cabela's + CF Early Tech + Non Parent *1.2M,91.82999999999998,3.481993918588885,2142.4563553009457
2018-08-01,US_RCH_Outdoor_LeadGen,US_M_24-54_Cabela's + CF Early Tech + Non Parent *1.2M,35-44,male,8.88,664.41,US,Cabela's + CF Early Tech + Non Parent *1.2M,109.64999999999998,0.3411734335278447,1947.4259561472406
2018-07-19,US_RCH_Outdoor_LeadGen,US_M_24-54_Cabela's + CF Early Tech + Parent *450K,35-44,male,4.75,3831.58,US,Cabela's + CF Early Tech + Parent *450K,4.75,1.121784619357219,3415.61110206297
2018-07-22,US_RCH_Outdoor_LeadGen,US_M_24-54_Cabela's + CF Early Tech + Parent *450K,35-44,male,6.01,981.7,US,Cabela's + CF Early Tech + Parent *450K,21.54,0.3144600832284164,3121.8588697215228
2018-07-26,US_RCH_Outdoor_LeadGen,US_M_24-54_Cabela's + CF Early Tech + Parent *450K,35-44,male,7.6,776.32,US,Cabela's + CF Early Tech + Parent *450K,54.35,0.29644676547302634,2618.750111040214
2018-07-23,US_RCH_Outdoor_LeadGen,US_M_24-54_Ecotourism + CF Early Tech + Non Parent *840K,35-44,male,5.09,2514.73,US,Ecotourism + CF Early Tech + Non Parent *840K,21.16,0.8038854726482086,3128.2192371455885
2018-07-30,US_RCH_Outdoor_LeadGen,US_M_24-54_Ecotourism + CF Early Tech + Non Parent *840K,35-44,male,9.61,2747.14,US,Ecotourism + CF Early Tech + Non Parent *840K,86.84,1.2484225089528118,2200.489001359264
2018-07-20,US_RCH_Outdoor_LeadGen,US_M_24-54_Hiking Backpacking + CF Early Tech + Non Parent *4.7M,35-44,male,5.46,9761.9,US,Hiking Backpacking + CF Early Tech + Non Parent *4.7M,10.2,2.9426808345660365,3317.349229767763
2018-07-21,US_RCH_Outdoor_LeadGen,US_M_24-54_Hiking Backpacking + CF Early Tech + Non Parent *4.7M,35-44,male,5.78,2128.03,US,Hiking Backpacking + CF Early Tech + Non Parent *4.7M,15.98,0.6616546772124671,3216.2245251032336
2018-07-24,US_RCH_Outdoor_LeadGen,US_M_24-54_Hiking Backpacking + CF Early Tech + Non Parent *4.7M,35-44,male,20.61,5065.5,US,Hiking Backpacking + CF Early Tech + Non Parent *4.7M,51.480000000000004,1.9048130845580997,2659.316045792048
2018-07-25,US_RCH_Outdoor_LeadGen,US_M_24-54_Hiking Backpacking + CF Early Tech + Non Parent *4.7M,35-44,male,20.09,4260.83,US,Hiking Backpacking + CF Early Tech + Non Parent *4.7M,71.57000000000001,1.7842492381561132,2388.023998487591
2018-07-27,US_RCH_Outdoor_LeadGen,US_M_24-54_Hiking Backpacking + CF Early Tech + Non Parent *4.7M,35-44,male,23.76,1700.34,US,Hiking Backpacking + CF Early Tech + Non Parent *4.7M,113.09000000000002,0.8893579413963517,1911.8736347373836
2018-07-30,US_RCH_Outdoor_LeadGen,US_M_24-54_Hiking Backpacking + CF Early Tech + Non Parent *4.7M,35-44,male,21.59,4515.98,US,Hiking Backpacking + CF Early Tech + Non Parent *4.7M,176.4,3.3155681463083755,1362.053138623674
2018-07-31,US_RCH_Outdoor_LeadGen,US_M_24-54_Hiking Backpacking + CF Early Tech + Non Parent *4.7M,35-44,male,19.55,905.37,US,Hiking Backpacking + CF Early Tech + Non Parent *4.7M,195.95000000000002,0.7380864351626134,1226.6449522277578
2018-08-01,US_RCH_Outdoor_LeadGen,US_M_24-54_Hiking Backpacking + CF Early Tech + Non Parent *4.7M,35-44,male,19.94,295.89,US,Hiking Backpacking + CF Early Tech + Non Parent *4.7M,215.89000000000001,0.26840695462674663,1102.3931939895967
2018-08-02,US_RCH_Outdoor_LeadGen,US_M_24-54_Hiking Backpacking + CF Early Tech + Non Parent *4.7M,35-44,male,17.65,1495.75,US,Hiking Backpacking + CF Early Tech + Non Parent *4.7M,233.54000000000002,1.4913448583533433,1002.9538048305745
2018-08-03,US_RCH_Outdoor_LeadGen,US_M_24-54_Hiking Backpacking + CF Early Tech + Non Parent *4.7M,35-44,male,20.33,3920.31,US,Hiking Backpacking + CF Early Tech + Non Parent *4.7M,253.87,4.358419311926622,899.4797699414199
2018-08-05,US_RCH_Outdoor_LeadGen,US_M_24-54_Hiking Backpacking + CF Early Tech + Non Parent *4.7M,35-44,male,18.92,623.68,US,Hiking Backpacking + CF Early Tech + Non Parent *4.7M,0,0.17801001848576511,3503.6230281043067
2018-07-27,US_RCH_Outdoor_LeadGen,US_M_24-54_Hiking Backpacking + CF Early Tech + Parent *1.4M,35-44,male,18.49,984.32,US,Hiking Backpacking + CF Early Tech + Parent *1.4M,98.63,0.4764768206517926,2065.8297682844413
2018-07-31,US_RCH_Outdoor_LeadGen,US_M_24-54_Hiking Backpacking + CF Early Tech + Parent *1.4M,35-44,male,20.05,588.53,US,Hiking Backpacking + CF Early Tech + Parent *1.4M,174.59000000000003,0.42792171038104165,1375.321666844024
2018-07-20,US_RCH_Outdoor_LeadGen,US_M_24-54_Hunting + CF Early Tech + Non Parent *4.7M,35-44,male,4.52,2721.24,US,Hunting + CF Early Tech + Non Parent *4.7M,8.899999999999999,0.8146137337506975,3340.5280162300846
2018-07-21,US_RCH_Outdoor_LeadGen,US_M_24-54_Hunting + CF Early Tech + Non Parent *4.7M,35-44,male,4.69,26545.84,US,Hunting + CF Early Tech + Non Parent *4.7M,13.59,8.148745306161874,3257.6597994695835
2018-07-22,US_RCH_Outdoor_LeadGen,US_M_24-54_Hunting + CF Early Tech + Non Parent *4.7M,35-44,male,4.32,2847.22,US,Hunting + CF Early Tech + Non Parent *4.7M,17.91,0.8944664005251443,3183.1491918851143
2018-07-24,US_RCH_Outdoor_LeadGen,US_M_24-54_Hunting + CF Early Tech + Non Parent *4.7M,35-44,male,9.71,15272.91,US,Hunting + CF Early Tech + Non Parent *4.7M,34.17,5.23464359958107,2917.6599532434825
2018-07-27,US_RCH_Outdoor_LeadGen,US_M_24-54_Hunting + CF Early Tech + Non Parent *4.7M,35-44,male,8.95,3608.94,US,Hunting + CF Early Tech + Non Parent *4.7M,62.18000000000001,1.4371395263471072,2511.1966749485573
2018-08-06,US_RCH_Outdoor_LeadGen,US_M_24-54_Hunting + CF Early Tech + Non Parent *4.7M,35-44,male,9.25,3437.84,US,Hunting + CF Early Tech + Non Parent *4.7M,0,0.9812242848112859,3503.6230281043067
2018-08-07,US_RCH_Outdoor_LeadGen,US_M_24-54_Hunting + CF Early Tech + Non Parent *4.7M,35-44,male,2.13,18262.91,US,Hunting + CF Early Tech + Non Parent *4.7M,0,5.21257848047695,3503.6230281043067
2018-08-01,US_RCH_Outdoor_LeadGen,US_M_24-54_Mountain Biking + CF Early Tech + Non Parent *2.7M,35-44,male,4.33,8406.47,US,Mountain Biking + CF Early Tech + Non Parent *2.7M,56.88,3.2539032179901137,2583.503391718131
2018-08-03,US_RCH_Outdoor_LeadGen,US_M_24-54_Mountain Biking + CF Early Tech + Non Parent *2.7M,35-44,male,3.74,7058.82,US,Mountain Biking + CF Early Tech + Non Parent *2.7M,64.2,2.841515920359584,2484.1740105776817
2018-08-06,US_RCH_Outdoor_LeadGen,US_M_24-54_Mountain Biking + CF Early Tech + Non Parent *2.7M,35-44,male,3.88,6494.85,US,Mountain Biking + CF Early Tech + Non Parent *2.7M,0,1.8537525150113385,3503.6230281043067
2018-07-20,US_RCH_Outdoor_LeadGen,US_M_24-54_Mountain Biking + CF Early Tech + Parent *590K,35-44,male,5.08,2322.83,US,Mountain Biking + CF Early Tech + Parent *590K,10.030000000000001,0.6995693866792845,3320.371137201998
2018-07-30,US_RCH_Outdoor_LeadGen,US_M_24-54_Mountain Biking + CF Early Tech + Parent *590K,35-44,male,6.25,1888.0,US,Mountain Biking + CF Early Tech + Parent *590K,119.45,1.0217314833873359,1847.8436171319036
2018-08-01,US_RCH_Outdoor_LeadGen,US_M_24-54_Mountain Biking + CF Early Tech + Parent *590K,35-44,male,7.02,982.91,US,Mountain Biking + CF Early Tech + Parent *590K,132.79000000000002,0.5713189890416018,1720.4224239926798
2018-07-23,US_RCH_Outdoor_LeadGen,US_M_24-54_Nature + CF Early Tech + Non Parent *4.7M,35-44,male,11.05,533.94,US,Nature + CF Early Tech + Non Parent *4.7M,30.45,0.1793926750003633,2976.3757076420134
2018-07-24,US_RCH_Outdoor_LeadGen,US_M_24-54_Nature + CF Early Tech + Non Parent *4.7M,35-44,male,21.26,555.03,US,Nature + CF Early Tech + Non Parent *4.7M,51.71,0.20896882747930196,2656.0420838604496
2018-07-26,US_RCH_Outdoor_LeadGen,US_M_24-54_Nature + CF Early Tech + Non Parent *4.7M,35-44,male,20.74,877.53,US,Nature + CF Early Tech + Non Parent *4.7M,93.33999999999999,0.41291664869941663,2125.1988815757327
2018-07-27,US_RCH_Outdoor_LeadGen,US_M_24-54_Nature + CF Early Tech + Non Parent *4.7M,35-44,male,19.77,622.15,US,Nature + CF Early Tech + Non Parent *4.7M,113.10999999999999,0.3254486266210125,1911.6688445101308
2018-07-29,US_RCH_Outdoor_LeadGen,US_M_24-54_Nature + CF Early Tech + Non Parent *4.7M,35-44,male,21.72,566.3,US,Nature + CF Early Tech + Non Parent *4.7M,155.02999999999997,0.37080351337169803,1527.2239328334892
2018-07-30,US_RCH_Outdoor_LeadGen,US_M_24-54_Nature + CF Early Tech + Non Parent *4.7M,35-44,male,22.0,559.09,US,Nature + CF Early Tech + Non Parent *4.7M,177.02999999999997,0.41186331770685264,1357.4649063501627
2018-07-31,US_RCH_Outdoor_LeadGen,US_M_24-54_Nature + CF Early Tech + Non Parent *4.7M,35-44,male,18.74,314.83,US,Nature + CF Early Tech + Non Parent *4.7M,195.76999999999998,0.2564121121367212,1227.8281137988124
2018-08-01,US_RCH_Outdoor_LeadGen,US_M_24-54_Nature + CF Early Tech + Non Parent *4.7M,35-44,male,16.89,349.32,US,Nature + CF Early Tech + Non Parent *4.7M,212.65999999999997,0.3114394604715708,1121.6305071652507
2018-08-04,US_RCH_Outdoor_LeadGen,US_M_24-54_Nature + CF Early Tech + Non Parent *4.7M,35-44,male,20.8,620.19,US,Nature + CF Early Tech + Non Parent *4.7M,0,0.17701390675456433,3503.6230281043067
2018-08-06,US_RCH_Outdoor_LeadGen,US_M_24-54_Nature + CF Early Tech + Non Parent *4.7M,35-44,male,18.37,702.23,US,Nature + CF Early Tech + Non Parent *4.7M,0,0.2004296679086372,3503.6230281043067
2018-07-31,US_RCH_Outdoor_LeadGen,US_M_24-54_Off-Grid/Survival + CF Early Tech + Non Parent *940M,35-44,male,19.97,295.44,US,Off-Grid/Survival + CF Early Tech + Non Parent *940M,196.04,0.24096821870908067,1226.0537990558944
2018-08-01,US_RCH_Outdoor_LeadGen,US_M_24-54_Off-Grid/Survival + CF Early Tech + Non Parent *940M,35-44,male,16.78,1084.62,US,Off-Grid/Survival + CF Early Tech + Non Parent *940M,212.82,0.9678319850131599,1120.6697203598328
2018-08-04,US_RCH_Outdoor_LeadGen,US_M_24-54_Off-Grid/Survival + CF Early Tech + Non Parent *940M,35-44,male,19.08,644.65,US,Off-Grid/Survival + CF Early Tech + Non Parent *940M,0,0.1839952514379946,3503.6230281043067
2018-08-05,US_RCH_Outdoor_LeadGen,US_M_24-54_Off-Grid/Survival + CF Early Tech + Non Parent *940M,35-44,male,19.32,636.65,US,Off-Grid/Survival + CF Early Tech + Non Parent *940M,0,0.18171190076475494,3503.6230281043067
2018-08-06,US_RCH_Outdoor_LeadGen,US_M_24-54_Off-Grid/Survival + CF Early Tech + Non Parent *940M,35-44,male,18.52,7127.43,US,Off-Grid/Survival + CF Early Tech + Non Parent *940M,0,2.034302761121083,3503.6230281043067
2018-07-29,US_RCH_Outdoor_LeadGen,US_M_24-54_Outdoor Fashion Brands + CF Early Tech + Non Parent *1.4M,35-44,male,10.16,580.71,US,Outdoor Fashion Brands + CF Early Tech + Non Parent *1.4M,85.01,0.261326436911767,2222.1632333205853
2018-08-06,US_RCH_Outdoor_LeadGen,US_M_24-54_Outdoor Fashion Brands + CF Early Tech + Non Parent *1.4M,35-44,male,9.26,637.15,US,Outdoor Fashion Brands + CF Early Tech + Non Parent *1.4M,0,0.1818546101818324,3503.6230281043067
2018-07-22,US_RCH_Outdoor_LeadGen,US_M_24-54_Outdoor Fashion Brands + CF Early Tech + Parent *330K,35-44,male,4.57,2582.06,US,Outdoor Fashion Brands + CF Early Tech + Parent *330K,18.21,0.8124696831045848,3178.038582477945
2018-07-26,US_RCH_Outdoor_LeadGen,US_M_24-54_Outdoor Fashion Brands + CF Early Tech + Parent *330K,35-44,male,15.71,1158.5,US,Outdoor Fashion Brands + CF Early Tech + Parent *330K,86.08000000000001,0.5243351867426571,2209.4645358381986
2018-07-27,US_RCH_Outdoor_LeadGen,US_M_24-54_Outdoor Fashion Brands + CF Early Tech + Parent *330K,35-44,male,7.41,4358.97,US,Outdoor Fashion Brands + CF Early Tech + Parent *330K,93.49000000000001,2.052736552594232,2123.492171701804
2018-07-24,US_RCH_Outdoor_LeadGen,US_M_24-54_REI/Dick's + CF Early Tech + Non Parent *1.4M,35-44,male,29.75,413.45,US,REI/Dick's + CF Early Tech + Non Parent *1.4M,62.93,0.16530532377608248,2501.1293681021834
2018-07-26,US_RCH_Outdoor_LeadGen,US_M_24-54_REI/Dick's + CF Early Tech + Non Parent *1.4M,35-44,male,26.08,924.08,US,REI/Dick's + CF Early Tech + Non Parent *1.4M,118.49,0.4975208715884155,1857.3693140746554
2018-07-27,US_RCH_Outdoor_LeadGen,US_M_24-54_REI/Dick's + CF Early Tech + Non Parent *1.4M,35-44,male,32.19,183.29,US,REI/Dick's + CF Early Tech + Non Parent *1.4M,150.68,0.1172512638771405,1563.2240876487006
2018-07-28,US_RCH_Outdoor_LeadGen,US_M_24-54_REI/Dick's + CF Early Tech + Non Parent *1.4M,35-44,male,31.86,4271.81,US,REI/Dick's + CF Early Tech + Non Parent *1.4M,182.54000000000002,3.2411572774312583,1317.9891114033114
2018-07-30,US_RCH_Outdoor_LeadGen,US_M_24-54_REI/Dick's + CF Early Tech + Non Parent *1.4M,35-44,male,24.56,2031.76,US,REI/Dick's + CF Early Tech + Non Parent *1.4M,237.3,2.0669862916241835,982.9576559037052
2018-07-31,US_RCH_Outdoor_LeadGen,US_M_24-54_REI/Dick's + CF Early Tech + Non Parent *1.4M,35-44,male,19.58,1583.25,US,REI/Dick's + CF Early Tech + Non Parent *1.4M,256.88,1.7887911818604525,885.0949267053759
2018-08-01,US_RCH_Outdoor_LeadGen,US_M_24-54_REI/Dick's + CF Early Tech + Non Parent *1.4M,35-44,male,17.6,1034.09,US,REI/Dick's + CF Early Tech + Non Parent *1.4M,274.48,1.2838307547855958,805.4722136429085
2018-07-23,US_RCH_Outdoor_LeadGen,US_M_24-54_REI/Dick's + CF Early Tech + Parent *580K,35-44,male,10.74,549.35,US,REI/Dick's + CF Early Tech + Parent *580K,28.61,0.1827600890798968,3005.8532076981096
2018-07-24,US_RCH_Outdoor_LeadGen,US_M_24-54_REI/Dick's + CF Early Tech + Parent *580K,35-44,male,21.17,1908.36,US,REI/Dick's + CF Early Tech + Parent *580K,49.78,0.7111086932659896,2683.64037463142
2018-07-29,US_RCH_Outdoor_LeadGen,US_M_24-54_REI/Dick's + CF Early Tech + Parent *580K,35-44,male,20.01,614.69,US,REI/Dick's + CF Early Tech + Parent *580K,147.1,0.385751377926394,1593.487503024008
2018-07-30,US_RCH_Outdoor_LeadGen,US_M_24-54_REI/Dick's + CF Early Tech + Parent *580K,35-44,male,19.12,1992.68,US,REI/Dick's + CF Early Tech + Parent *580K,166.22,1.385363860371721,1438.3802385788551
2018-07-31,US_RCH_Outdoor_LeadGen,US_M_24-54_REI/Dick's + CF Early Tech + Parent *580K,35-44,male,19.54,2256.91,US,REI/Dick's + CF Early Tech + Parent *580K,185.76,1.7421776876691535,1295.453394894239
2018-08-06,US_RCH_Outdoor_LeadGen,US_M_24-54_REI/Dick's + CF Early Tech + Parent *580K,35-44,male,18.99,2227.49,US,REI/Dick's + CF Early Tech + Parent *580K,0,0.6357675988918305,3503.6230281043067
2018-08-05,US_RCH_Outdoor_LeadGen,US_M_24-54_Ecotourism + CF Early Tech + Non Parent *840K - Dynamic Ad,35-44,male,32.0,200.0,US,Ecotourism + CF Early Tech + Non Parent *840K - Dynamic Ad,0,0.057083766830991894,3503.6230281043067
2018-08-06,US_RCH_Outdoor_LeadGen,US_M_24-54_Ecotourism + CF Early Tech + Non Parent *840K - Dynamic Ad,35-44,male,33.74,2258.45,US,Ecotourism + CF Early Tech + Non Parent *840K - Dynamic Ad,0,0.6446041659972681,3503.6230281043067
2018-07-27,US_RCH_Campers_LeadGen,US_M/F_25-64_Outdoor Activists,45-54,female,5.71,6777.58,US,Outdoor Activists,70.87999999999998,2.8276845531512036,2396.8656590237365
2018-08-06,US_RCH_Campers_LeadGen,US_M/F_25-64_Outdoor Activists,45-54,female,3.57,11260.5,US,Outdoor Activists,0,3.213958782001921,3503.6230281043067
2018-08-07,US_RCH_Campers_LeadGen,US_M/F_25-64_Outdoor Activists,45-54,female,0.91,6483.52,US,Outdoor Activists,0,1.850518719620363,3503.6230281043067
2018-07-23,EN_RCH_Lookalikes_LeadGen,"CA_M/F_18-64_Lookalike (CA, 2%) - rainfactoryS71C",45-54,female,1.05,5619.05,CA,"Lookalike (CA, 2%) - rainfactoryS71C",17.14,1.757983556647855,3196.304071645855
2018-08-05,EN_RCH_Lookalikes_LeadGen,"CA_M/F_18-64_Lookalike (CA, 2%) - rainfactoryS71C",45-54,female,1.32,14242.42,CA,"Lookalike (CA, 2%) - rainfactoryS71C",0,4.0650549119452775,3503.6230281043067
2018-08-05,EN_RCH_Lookalikes_LeadGen,"GB_M/F_18-64_Lookalike (GB, 2%) - rainfactoryP22C",45-54,female,0.6,9833.33,GB,"Lookalike (GB, 2%) - rainfactoryP22C",0,2.8066175844609873,3503.6230281043067
2018-07-28,EN_RCH_Lookalikes_LeadGen,"GB_M/F_18-64_Lookalike (GB, 2%) - rainfactoryS71C",45-54,female,2.8,2107.14,GB,"Lookalike (GB, 2%) - rainfactoryS71C",34.12,0.7220086691590969,2918.4414121427744
2018-08-01,EN_RCH_Lookalikes_LeadGen,"GB_M/F_18-64_Lookalike (GB, 2%) - rainfactoryS71C",45-54,female,3.09,3818.77,GB,"Lookalike (GB, 2%) - rainfactoryS71C",46.019999999999996,1.394610929260681,2738.233237584355
2018-08-03,EN_RCH_Lookalikes_LeadGen,"GB_M/F_18-64_Lookalike (GB, 2%) - rainfactoryS71C",45-54,female,2.95,2000.0,GB,"Lookalike (GB, 2%) - rainfactoryS71C",51.17,0.7508253926831944,2663.7351633149765
2018-08-05,EN_RCH_Lookalikes_LeadGen,"GB_M/F_18-64_Lookalike (GB, 2%) - rainfactoryS71C",45-54,female,3.3,20969.7,GB,"Lookalike (GB, 2%) - rainfactoryS71C",0,5.985147326579254,3503.6230281043067
2018-07-27,EN_RCH_Lookalikes_LeadGen,"AU_M/F_18-64_Lookalike (AU, 2%) - rainfactoryS71C",45-54,male,2.53,2332.02,AU,"Lookalike (AU, 2%) - rainfactoryS71C",37.74,0.8147075832465788,2862.4012442685125
2018-07-20,EN_RCH_Lookalikes_LeadGen,"CA_M/F_18-64_Lookalike (CA, 2%) - rainfactoryP22C",45-54,male,5.56,2320.14,CA,"Lookalike (CA, 2%) - rainfactoryP22C",38.18000000000001,0.8124696779584819,2855.6634948271408
2018-07-22,EN_RCH_Lookalikes_LeadGen,"CA_M/F_18-64_Lookalike (CA, 2%) - rainfactoryP22C",45-54,male,5.28,1117.42,CA,"Lookalike (CA, 2%) - rainfactoryP22C",48.66000000000001,0.4138918700100426,2699.787265627825
2018-07-24,EN_RCH_Lookalikes_LeadGen,"CA_M/F_18-64_Lookalike (CA, 2%) - rainfactoryP22C",45-54,male,6.12,10849.67,CA,"Lookalike (CA, 2%) - rainfactoryP22C",61.37000000000001,4.301814347323477,2522.114885490235
2018-07-25,EN_RCH_Lookalikes_LeadGen,"CA_M/F_18-64_Lookalike (CA, 2%) - rainfactoryP22C",45-54,male,6.43,6951.79,CA,"Lookalike (CA, 2%) - rainfactoryP22C",67.80000000000001,2.8529133146995966,2436.733694003599
2018-07-27,EN_RCH_Lookalikes_LeadGen,"CA_M/F_18-64_Lookalike (CA, 2%) - rainfactoryP22C",45-54,male,7.15,825.17,CA,"Lookalike (CA, 2%) - rainfactoryP22C",81.35000000000002,0.3641279042271038,2266.1542562949194
2018-07-29,EN_RCH_Lookalikes_LeadGen,"CA_M/F_18-64_Lookalike (CA, 2%) - rainfactoryP22C",45-54,male,7.18,821.73,CA,"Lookalike (CA, 2%) - rainfactoryP22C",95.15000000000003,0.39042695854011467,2104.695851620018
2018-08-05,EN_RCH_Lookalikes_LeadGen,"CA_M/F_18-64_Lookalike (CA, 2%) - rainfactoryP22C",45-54,male,5.71,7092.82,CA,"Lookalike (CA, 2%) - rainfactoryP22C",0,2.0244244152709796,3503.6230281043067
2018-08-06,EN_RCH_Lookalikes_LeadGen,"CA_M/F_18-64_Lookalike (CA, 2%) - rainfactoryP22C",45-54,male,5.44,8216.91,CA,"Lookalike (CA, 2%) - rainfactoryP22C",0,2.345260872556228,3503.6230281043067
2018-07-22,EN_RCH_Lookalikes_LeadGen,"CA_M/F_18-64_Lookalike (CA, 2%) - rainfactoryS71C",45-54,male,4.02,11119.4,CA,"Lookalike (CA, 2%) - rainfactoryS71C",28.55,3.6980605681967207,3006.81933000955
2018-07-29,EN_RCH_Lookalikes_LeadGen,"CA_M/F_18-64_Lookalike (CA, 2%) - rainfactoryS71C",45-54,male,5.24,6603.05,CA,"Lookalike (CA, 2%) - rainfactoryS71C",60.61000000000001,2.6074253746486082,2532.4022939256183
2018-08-04,EN_RCH_Lookalikes_LeadGen,"CA_M/F_18-64_Lookalike (CA, 2%) - rainfactoryS71C",45-54,male,1.99,2964.82,CA,"Lookalike (CA, 2%) - rainfactoryS71C",0,0.8462154678793069,3503.6230281043067
2018-07-17,EN_RCH_Lookalikes_LeadGen,"GB_M/F_18-64_Lookalike (GB, 2%) - rainfactoryP22C",45-54,male,5.04,2341.27,GB,"Lookalike (GB, 2%) - rainfactoryP22C",31.84,0.7924958968768865,2954.299207385946
2018-07-28,EN_RCH_Lookalikes_LeadGen,"GB_M/F_18-64_Lookalike (GB, 2%) - rainfactoryP22C",45-54,male,8.12,726.6,GB,"Lookalike (GB, 2%) - rainfactoryP22C",114.24,0.38239413236570996,1900.1337586035504
2018-07-29,EN_RCH_Lookalikes_LeadGen,"GB_M/F_18-64_Lookalike (GB, 2%) - rainfactoryP22C",45-54,male,8.45,698.22,GB,"Lookalike (GB, 2%) - rainfactoryP22C",122.69,0.3844710301820191,1816.053604011318
2018-07-30,EN_RCH_Lookalikes_LeadGen,"GB_M/F_18-64_Lookalike (GB, 2%) - rainfactoryP22C",45-54,male,8.31,1552.35,GB,"Lookalike (GB, 2%) - rainfactoryP22C",131.0,0.893698110613956,1736.9959515004018
2018-08-02,EN_RCH_Lookalikes_LeadGen,"GB_M/F_18-64_Lookalike (GB, 2%) - rainfactoryP22C",45-54,male,6.1,10196.72,GB,"Lookalike (GB, 2%) - rainfactoryP22C",151.22,6.541771149818715,1558.7093718927433
2018-08-04,EN_RCH_Lookalikes_LeadGen,"GB_M/F_18-64_Lookalike (GB, 2%) - rainfactoryP22C",45-54,male,8.04,1604.48,GB,"Lookalike (GB, 2%) - rainfactoryP22C",0,0.4579488110249494,3503.6230281043067
2018-07-22,EN_RCH_Lookalikes_LeadGen,"GB_M/F_18-64_Lookalike (GB, 2%) - rainfactoryS71C",45-54,male,4.55,2593.41,GB,"Lookalike (GB, 2%) - rainfactoryS71C",39.61,0.9151461742401681,2833.875148036617
2018-07-25,EN_RCH_Lookalikes_LeadGen,"GB_M/F_18-64_Lookalike (GB, 2%) - rainfactoryS71C",45-54,male,5.42,7675.28,GB,"Lookalike (GB, 2%) - rainfactoryS71C",55.62,2.9508987669855338,2600.9973930215906
2018-07-31,EN_RCH_Lookalikes_LeadGen,"GB_M/F_18-64_Lookalike (GB, 2%) - rainfactoryS71C",45-54,male,4.45,7280.9,GB,"Lookalike (GB, 2%) - rainfactoryS71C",90.29,3.3704733300829304,2160.20104209543
2018-08-04,EN_RCH_Lookalikes_LeadGen,"GB_M/F_18-64_Lookalike (GB, 2%) - rainfactoryS71C",45-54,male,3.8,1552.63,GB,"Lookalike (GB, 2%) - rainfactoryS71C",0,0.44314984447401473,3503.6230281043067
2018-08-05,EN_RCH_Lookalikes_LeadGen,"GB_M/F_18-64_Lookalike (GB, 2%) - rainfactoryS71C",45-54,male,3.44,1715.12,GB,"Lookalike (GB, 2%) - rainfactoryS71C",0,0.48952755083585403,3503.6230281043067
2018-07-29,US_RCH_Lookalikes_LeadGen,"US_M/F_25-64_Lookalike (US, 2%) - rainfactoryP22C",45-54,female,11.94,494.14,US,"Lookalike (US, 2%) - rainfactoryP22C",62.31,0.19691176987987788,2509.4487764821793
2018-07-30,US_RCH_Lookalikes_LeadGen,"US_M/F_25-64_Lookalike (US, 2%) - rainfactoryP22C",45-54,female,10.78,1094.62,US,"Lookalike (US, 2%) - rainfactoryP22C",73.09,0.46212595155110336,2368.661609082894
2018-08-01,US_RCH_Lookalikes_LeadGen,"US_M/F_25-64_Lookalike (US, 2%) - rainfactoryP22C",45-54,female,14.37,3709.12,US,"Lookalike (US, 2%) - rainfactoryP22C",100.48,1.813341623016012,2045.4612373761456
2018-08-03,US_RCH_Lookalikes_LeadGen,"US_M/F_25-64_Lookalike (US, 2%) - rainfactoryP22C",45-54,female,12.33,478.51,US,"Lookalike (US, 2%) - rainfactoryP22C",121.65,0.26202529287592563,1826.1977488813814
2018-08-04,US_RCH_Lookalikes_LeadGen,"US_M/F_25-64_Lookalike (US, 2%) - rainfactoryP22C",45-54,female,12.78,461.66,US,"Lookalike (US, 2%) - rainfactoryP22C",0,0.13176645897597858,3503.6230281043067
2018-08-05,US_RCH_Lookalikes_LeadGen,"US_M/F_25-64_Lookalike (US, 2%) - rainfactoryP22C",45-54,female,14.24,414.33,US,"Lookalike (US, 2%) - rainfactoryP22C",0,0.11825758555542434,3503.6230281043067
2018-07-23,US_RCH_Lookalikes_LeadGen,"US_M/F_25-64_Lookalike (US, 2%) - rainfactoryS71C",45-54,female,5.9,2084.75,US,"Lookalike (US, 2%) - rainfactoryS71C",36.04,0.7217206098572118,2888.583160196098
2018-07-24,US_RCH_Lookalikes_LeadGen,"US_M/F_25-64_Lookalike (US, 2%) - rainfactoryS71C",45-54,female,12.75,4180.39,US,"Lookalike (US, 2%) - rainfactoryS71C",48.79,1.5494931053133971,2697.908100181242
2018-07-26,US_RCH_Lookalikes_LeadGen,"US_M/F_25-64_Lookalike (US, 2%) - rainfactoryS71C",45-54,female,11.33,1085.61,US,"Lookalike (US, 2%) - rainfactoryS71C",73.49,0.4593050837607011,2363.59238855193
2018-07-28,US_RCH_Lookalikes_LeadGen,"US_M/F_25-64_Lookalike (US, 2%) - rainfactoryS71C",45-54,female,14.35,822.3,US,"Lookalike (US, 2%) - rainfactoryS71C",99.03999999999999,0.39892335084715014,2061.298237502946
2018-08-01,US_RCH_Lookalikes_LeadGen,"US_M/F_25-64_Lookalike (US, 2%) - rainfactoryS71C",45-54,female,6.72,4613.1,US,"Lookalike (US, 2%) - rainfactoryS71C",144.79,2.859373748392449,1613.32529634977
2018-08-02,US_RCH_Lookalikes_LeadGen,"US_M/F_25-64_Lookalike (US, 2%) - rainfactoryS71C",45-54,female,7.33,7271.49,US,"Lookalike (US, 2%) - rainfactoryS71C",152.12,4.687613009463495,1551.213802274227
2018-08-06,US_RCH_Lookalikes_LeadGen,"US_M/F_25-64_Lookalike (US, 2%) - rainfactoryS71C",45-54,female,9.56,8410.04,US,"Lookalike (US, 2%) - rainfactoryS71C",0,2.4003838119965755,3503.6230281043067
2018-07-18,US_RCH_Lookalikes_LeadGen,"US_M/F_25-64_Lookalike (US, 2%) - rainfactoryP22C",45-54,male,6.74,9391.69,US,"Lookalike (US, 2%) - rainfactoryP22C",39.239999999999995,3.3075192528467294,2839.49669889804
2018-07-22,US_RCH_Lookalikes_LeadGen,"US_M/F_25-64_Lookalike (US, 2%) - rainfactoryP22C",45-54,male,7.31,1682.63,US,"Lookalike (US, 2%) - rainfactoryP22C",65.78,0.6830961623442638,2463.240306058103
2018-07-23,US_RCH_Lookalikes_LeadGen,"US_M/F_25-64_Lookalike (US, 2%) - rainfactoryP22C",45-54,male,12.92,998.45,US,"Lookalike (US, 2%) - rainfactoryP22C",78.7,0.43438287791753255,2298.548241097006
2018-07-24,US_RCH_Lookalikes_LeadGen,"US_M/F_25-64_Lookalike (US, 2%) - rainfactoryP22C",45-54,male,19.1,308.9,US,"Lookalike (US, 2%) - rainfactoryP22C",97.80000000000001,0.14886503965170297,2075.033874459229
2018-07-25,US_RCH_Lookalikes_LeadGen,"US_M/F_25-64_Lookalike (US, 2%) - rainfactoryP22C",45-54,male,17.81,690.62,US,"Lookalike (US, 2%) - rainfactoryP22C",115.61000000000001,0.366135406539285,1886.2420505237287
2018-07-29,US_RCH_Lookalikes_LeadGen,"US_M/F_25-64_Lookalike (US, 2%) - rainfactoryP22C",45-54,male,14.94,394.91,US,"Lookalike (US, 2%) - rainfactoryP22C",178.62,0.2934053393569222,1345.9536928181094
2018-07-31,US_RCH_Lookalikes_LeadGen,"US_M/F_25-64_Lookalike (US, 2%) - rainfactoryP22C",45-54,male,12.41,3126.51,US,"Lookalike (US, 2%) - rainfactoryP22C",206.69,2.6997479265149975,1158.074785165552
2018-08-01,US_RCH_Lookalikes_LeadGen,"US_M/F_25-64_Lookalike (US, 2%) - rainfactoryP22C",45-54,male,12.51,471.62,US,"Lookalike (US, 2%) - rainfactoryP22C",219.2,0.4354668182179629,1083.0216684017046
2018-08-03,US_RCH_Lookalikes_LeadGen,"US_M/F_25-64_Lookalike (US, 2%) - rainfactoryP22C",45-54,male,13.52,8727.81,US,"Lookalike (US, 2%) - rainfactoryP22C",246.27,9.316130299831121,936.8492838875616
2018-08-05,US_RCH_Lookalikes_LeadGen,"US_M/F_25-64_Lookalike (US, 2%) - rainfactoryP22C",45-54,male,13.77,5228.76,US,"Lookalike (US, 2%) - rainfactoryP22C",0,1.4923865832760859,3503.6230281043067
2018-08-06,US_RCH_Lookalikes_LeadGen,"US_M/F_25-64_Lookalike (US, 2%) - rainfactoryP22C",45-54,male,14.25,905.26,US,"Lookalike (US, 2%) - rainfactoryP22C",0,0.2583782538071186,3503.6230281043067
2018-07-12,US_RCH_Lookalikes_LeadGen,"US_M/F_25-64_Lookalike (US, 2%) - rainfactoryS71C",45-54,male,2.0,6400.0,US,"Lookalike (US, 2%) - rainfactoryS71C",2.0,1.8463532435509187,3466.2922831015144
2018-07-23,US_RCH_Lookalikes_LeadGen,"US_M/F_25-64_Lookalike (US, 2%) - rainfactoryS71C",45-54,male,10.09,1278.49,US,"Lookalike (US, 2%) - rainfactoryS71C",60.53999999999999,0.504663401393775,2533.3519261929387
2018-07-24,US_RCH_Lookalikes_LeadGen,"US_M/F_25-64_Lookalike (US, 2%) - rainfactoryS71C",45-54,male,14.68,9768.39,US,"Lookalike (US, 2%) - rainfactoryS71C",75.22,4.171330044890031,2341.792640447257
2018-07-27,US_RCH_Lookalikes_LeadGen,"US_M/F_25-64_Lookalike (US, 2%) - rainfactoryS71C",45-54,male,17.54,701.25,US,"Lookalike (US, 2%) - rainfactoryS71C",121.02000000000001,0.38270102969118214,1832.3702984699798
2018-07-29,US_RCH_Lookalikes_LeadGen,"US_M/F_25-64_Lookalike (US, 2%) - rainfactoryS71C",45-54,male,18.62,633.73,US,"Lookalike (US, 2%) - rainfactoryS71C",155.54000000000002,0.4160905517700676,1523.0578952203664
2018-07-31,US_RCH_Lookalikes_LeadGen,"US_M/F_25-64_Lookalike (US, 2%) - rainfactoryS71C",45-54,male,13.05,3494.25,US,"Lookalike (US, 2%) - rainfactoryS71C",186.28000000000003,2.704841058585841,1291.8503987169145
2018-08-02,US_RCH_Lookalikes_LeadGen,"US_M/F_25-64_Lookalike (US, 2%) - rainfactoryS71C",45-54,male,12.9,5589.15,US,"Lookalike (US, 2%) - rainfactoryS71C",211.66000000000003,4.956440033948087,1127.6541149934833
2018-08-03,US_RCH_Lookalikes_LeadGen,"US_M/F_25-64_Lookalike (US, 2%) - rainfactoryS71C",45-54,male,9.06,3565.12,US,"Lookalike (US, 2%) - rainfactoryS71C",220.72000000000003,3.318735741606542,1074.240396818756
2018-08-04,US_RCH_Lookalikes_LeadGen,"US_M/F_25-64_Lookalike (US, 2%) - rainfactoryS71C",45-54,male,7.98,1541.35,US,"Lookalike (US, 2%) - rainfactoryS71C",0,0.43993032002474675,3503.6230281043067
2018-08-05,US_RCH_Lookalikes_LeadGen,"US_M/F_25-64_Lookalike (US, 2%) - rainfactoryS71C",45-54,male,10.87,2428.7,US,"Lookalike (US, 2%) - rainfactoryS71C",0,0.69319672251215,3503.6230281043067
2018-08-06,US_RCH_Lookalikes_LeadGen,"US_M/F_25-64_Lookalike (US, 2%) - rainfactoryS71C",45-54,male,10.62,1770.24,US,"Lookalike (US, 2%) - rainfactoryS71C",0,0.5052598369744754,3503.6230281043067
2018-07-27,US_RCH_Lookalikes_LeadGen,"US_M/F_25-64_Lookalike (US, 2%) - rainfactoryP22C",45-54,unknown,0.86,14302.33,US,"Lookalike (US, 2%) - rainfactoryP22C",4.2,4.175024468575588,3425.687707377579
2018-08-04,US_RCH_BeachGoers_LeadGen,US_M/F_18-64_Beach Activity Enthusiasts + Tech Adopters/Crowdfunding,45-54,female,4.33,9076.21,US,Beach Activity Enthusiasts + Tech Adopters/Crowdfunding,0,2.5905212767455845,3503.6230281043067
2018-07-19,US_RCH_BeachGoers_LeadGen,US_M_25-55_Beachgoers + Parents w/ Young/Teenage Kids + Tech Adopters/Crowdfunding,45-54,female,2.47,5222.67,US,Beachgoers + Parents w/ Young/Teenage Kids + Tech Adopters/Crowdfunding,2.47,1.5104997931082174,3457.5774348522737
2018-07-26,US_RCH_BeachGoers_LeadGen,US_M_25-55_Beachgoers + Parents w/ Young/Teenage Kids + Tech Adopters/Crowdfunding,45-54,female,12.02,981.7,US,Beachgoers + Parents w/ Young/Teenage Kids + Tech Adopters/Crowdfunding,57.480000000000004,0.38121099000736075,2575.214318928855
2018-07-23,US_RCH_BeachGoers_LeadGen,US_M/F_18-64_Beach Activity Enthusiasts + Tech Adopters/Crowdfunding,45-54,male,0.96,6145.83,US,Beach Activity Enthusiasts + Tech Adopters/Crowdfunding,6.180000000000001,1.8131696615369488,3389.550426731955
2018-08-05,US_RCH_BeachGoers_LeadGen,US_M_25-55_Beachgoers + Parents w/ Young/Teenage Kids + Tech Adopters/Crowdfunding,45-54,male,10.43,1236.82,US,Beachgoers + Parents w/ Young/Teenage Kids + Tech Adopters/Crowdfunding,0,0.35301172245953694,3503.6230281043067
2018-08-05,US_RCH_BeachGoers_LeadGen,US_M_25-55_Beachgoers + Parents w/ Young/Teenage Kids + Tech Adopters/Crowdfunding - Copy,45-54,male,7.43,794.08,US,Beachgoers + Parents w/ Young/Teenage Kids + Tech Adopters/Crowdfunding - Copy,0,0.22664538782577023,3503.6230281043067
2018-08-05,US_RCH_Outdoor_LeadGen,US_M_24-54_Adventure Travel + CF Early Tech + Non Parent *1.6M,45-54,male,3.93,1501.27,US,Adventure Travel + CF Early Tech + Non Parent *1.6M,0,0.42849073315181596,3503.6230281043067
2018-08-01,US_RCH_Outdoor_LeadGen,US_M_24-54_Cabela's + CF Early Tech + Non Parent *1.2M,45-54,male,4.57,2582.06,US,Cabela's + CF Early Tech + Non Parent *1.2M,72.33000000000001,1.0856640968065208,2378.32309974616
2018-07-23,US_RCH_Outdoor_LeadGen,US_M_24-54_Cabela's + CF Early Tech + Parent *450K,45-54,male,9.06,1423.84,US,Cabela's + CF Early Tech + Parent *450K,31.93,0.48218762475222965,2952.8754511931634
2018-07-31,US_RCH_Outdoor_LeadGen,US_M_24-54_Ecotourism + CF Early Tech + Non Parent *840K,45-54,male,4.98,2369.48,US,Ecotourism + CF Early Tech + Non Parent *840K,71.58,0.9922877303783826,2387.8960985403514
2018-08-01,US_RCH_Outdoor_LeadGen,US_M_24-54_Ecotourism + CF Early Tech + Non Parent *840K,45-54,male,5.98,986.62,US,Ecotourism + CF Early Tech + Non Parent *840K,77.56,0.4266232723242866,2312.625831743296
2018-07-23,US_RCH_Outdoor_LeadGen,US_M_24-54_Ecotourism + CF Early Tech + Parent *224K,45-54,male,6.23,947.03,US,Ecotourism + CF Early Tech + Parent *224K,24.51,0.3082186938762535,3072.591049199055
2018-07-29,US_RCH_Outdoor_LeadGen,US_M_24-54_Hiking Backpacking + CF Early Tech + Non Parent *4.7M,45-54,male,18.87,2829.89,US,Hiking Backpacking + CF Early Tech + Non Parent *4.7M,129.76000000000002,1.6184019361702358,1748.5705724602708
2018-07-31,US_RCH_Outdoor_LeadGen,US_M_24-54_Hiking Backpacking + CF Early Tech + Non Parent *4.7M,45-54,male,12.57,1018.3,US,Hiking Backpacking + CF Early Tech + Non Parent *4.7M,158.42000000000002,0.6789823542631317,1499.744424293786
2018-08-01,US_RCH_Outdoor_LeadGen,US_M_24-54_Hiking Backpacking + CF Early Tech + Non Parent *4.7M,45-54,male,9.7,608.25,US,Hiking Backpacking + CF Early Tech + Non Parent *4.7M,168.12,0.42719680116661596,1423.8168411817517
2018-08-04,US_RCH_Outdoor_LeadGen,US_M_24-54_Hiking Backpacking + CF Early Tech + Non Parent *4.7M,45-54,male,12.2,1008.2,US,Hiking Backpacking + CF Early Tech + Non Parent *4.7M,0,0.28775926859503015,3503.6230281043067
2018-07-21,US_RCH_Outdoor_LeadGen,US_M_24-54_Hiking Backpacking + CF Early Tech + Parent *1.4M,45-54,male,4.84,2644.63,US,Hiking Backpacking + CF Early Tech + Parent *1.4M,13.52,0.8115146508989222,3258.8813979766346
2018-07-22,US_RCH_Outdoor_LeadGen,US_M_24-54_Hiking Backpacking + CF Early Tech + Parent *1.4M,45-54,male,4.28,1378.5,US,Hiking Backpacking + CF Early Tech + Parent *1.4M,17.8,0.43280663078204573,3185.025140463224
2018-07-26,US_RCH_Outdoor_LeadGen,US_M_24-54_Hiking Backpacking + CF Early Tech + Parent *1.4M,45-54,male,21.99,268.3,US,Hiking Backpacking + CF Early Tech + Parent *1.4M,99.7,0.1306216195128558,2054.024448637263
2018-07-27,US_RCH_Outdoor_LeadGen,US_M_24-54_Hiking Backpacking + CF Early Tech + Parent *1.4M,45-54,male,28.03,667.14,US,Hiking Backpacking + CF Early Tech + Parent *1.4M,127.73,0.3774086421729415,1767.6860714129957
2018-07-28,US_RCH_Outdoor_LeadGen,US_M_24-54_Hiking Backpacking + CF Early Tech + Parent *1.4M,45-54,male,28.57,924.05,US,Hiking Backpacking + CF Early Tech + Parent *1.4M,156.3,0.6091817609913843,1516.8707587308559
2018-07-29,US_RCH_Outdoor_LeadGen,US_M_24-54_Hiking Backpacking + CF Early Tech + Parent *1.4M,45-54,male,26.05,3976.97,US,Hiking Backpacking + CF Early Tech + Parent *1.4M,182.35000000000002,3.01438371146027,1319.331040995249
2018-07-31,US_RCH_Outdoor_LeadGen,US_M_24-54_Hiking Backpacking + CF Early Tech + Parent *1.4M,45-54,male,20.34,580.14,US,Hiking Backpacking + CF Early Tech + Parent *1.4M,224.85000000000002,0.5521258829513029,1050.738641157252
2018-07-31,US_RCH_Outdoor_LeadGen,US_M_24-54_Hunting + CF Early Tech + Non Parent *4.7M,45-54,male,7.48,1724.6,US,Hunting + CF Early Tech + Non Parent *4.7M,90.92,0.8010500483104215,2152.9241570330523
2018-07-21,US_RCH_Outdoor_LeadGen,US_M_24-54_Hunting + CF Early Tech + Parent *1.5M,45-54,male,4.83,2670.81,US,Hunting + CF Early Tech + Parent *1.5M,14.03,0.8217898014590354,3249.9916587649873
2018-07-22,US_RCH_Outdoor_LeadGen,US_M_24-54_Hunting + CF Early Tech + Parent *1.5M,45-54,male,3.91,1508.95,US,Hunting + CF Early Tech + Parent *1.5M,17.939999999999998,0.4741193039093976,3182.637761335182
2018-07-31,US_RCH_Outdoor_LeadGen,US_M_24-54_Mountain Biking + CF Early Tech + Non Parent *2.7M,45-54,male,2.04,12941.18,US,Mountain Biking + CF Early Tech + Non Parent *2.7M,36.44,4.489721901901613,2882.401245056801
2018-08-06,US_RCH_Outdoor_LeadGen,US_M_24-54_Mountain Biking + CF Early Tech + Non Parent *2.7M,45-54,male,2.06,6262.14,US,Mountain Biking + CF Early Tech + Non Parent *2.7M,0,1.7873326981151378,3503.6230281043067
2018-07-26,US_RCH_Outdoor_LeadGen,US_M_24-54_Mountain Biking + CF Early Tech + Parent *590K,45-54,male,18.17,1001.65,US,Mountain Biking + CF Early Tech + Parent *590K,88.23,0.4585957931769423,2184.1674409200878
2018-07-28,US_RCH_Outdoor_LeadGen,US_M_24-54_Off-Grid/Survival + CF Early Tech + Non Parent *940M,45-54,male,15.53,1171.93,US,Off-Grid/Survival + CF Early Tech + Non Parent *940M,107.34,0.5943844458403746,1971.6700330929061
2018-07-29,US_RCH_Outdoor_LeadGen,US_M_24-54_Off-Grid/Survival + CF Early Tech + Non Parent *940M,45-54,male,19.24,1340.96,US,Off-Grid/Survival + CF Early Tech + Non Parent *940M,126.58,0.7539380693182717,1778.6076265024358
2018-07-30,US_RCH_Outdoor_LeadGen,US_M_24-54_Off-Grid/Survival + CF Early Tech + Non Parent *940M,45-54,male,15.47,1144.15,US,Off-Grid/Survival + CF Early Tech + Non Parent *940M,142.05,0.6988557111952839,1637.1762892845359
2018-08-01,US_RCH_Outdoor_LeadGen,US_M_24-54_Outdoor Fashion Brands + CF Early Tech + Non Parent *1.4M,45-54,male,3.98,6633.17,US,Outdoor Fashion Brands + CF Early Tech + Non Parent *1.4M,70.4,2.76032938500871,2403.0356797361233
2018-08-06,US_RCH_Outdoor_LeadGen,US_M_24-54_Outdoor Fashion Brands + CF Early Tech + Non Parent *1.4M,45-54,male,3.76,1569.15,US,Outdoor Fashion Brands + CF Early Tech + Non Parent *1.4M,0,0.44786496361425465,3503.6230281043067
2018-07-23,US_RCH_Outdoor_LeadGen,US_M_24-54_REI/Dick's + CF Early Tech + Non Parent *1.4M,45-54,male,7.92,3989.9,US,REI/Dick's + CF Early Tech + Non Parent *1.4M,19.18,1.2619994296575663,3161.5703670188095
2018-07-27,US_RCH_Outdoor_LeadGen,US_M_24-54_REI/Dick's + CF Early Tech + Non Parent *1.4M,45-54,male,19.91,1672.53,US,REI/Dick's + CF Early Tech + Non Parent *1.4M,92.00999999999999,0.7814129964801624,2140.391838290164
2018-07-29,US_RCH_Outdoor_LeadGen,US_M_24-54_REI/Dick's + CF Early Tech + Non Parent *1.4M,45-54,male,21.54,2014.86,US,REI/Dick's + CF Early Tech + Non Parent *1.4M,132.83999999999997,1.171456281354824,1719.9617536471396
2018-08-01,US_RCH_Outdoor_LeadGen,US_M_24-54_REI/Dick's + CF Early Tech + Non Parent *1.4M,45-54,male,9.49,2539.52,US,REI/Dick's + CF Early Tech + Non Parent *1.4M,168.06,1.7830271088200675,1424.2744753783063
2018-08-05,US_RCH_Outdoor_LeadGen,US_M_24-54_REI/Dick's + CF Early Tech + Non Parent *1.4M,45-54,male,11.62,507.75,US,REI/Dick's + CF Early Tech + Non Parent *1.4M,0,0.14492141304218067,3503.6230281043067
2018-08-06,US_RCH_Outdoor_LeadGen,US_M_24-54_REI/Dick's + CF Early Tech + Non Parent *1.4M,45-54,male,9.86,598.38,US,REI/Dick's + CF Early Tech + Non Parent *1.4M,0,0.17078892198164464,3503.6230281043067
2018-07-22,US_RCH_Outdoor_LeadGen,US_M_24-54_REI/Dick's + CF Early Tech + Parent *580K,45-54,male,4.45,1325.84,US,REI/Dick's + CF Early Tech + Parent *580K,20.499999999999996,0.4223365925038229,3139.2970051203856
2018-07-23,US_RCH_Outdoor_LeadGen,US_M_24-54_REI/Dick's + CF Early Tech + Parent *580K,45-54,male,10.46,3087.95,US,REI/Dick's + CF Early Tech + Parent *580K,30.959999999999997,1.0403244781450471,2968.2566015422185
2018-07-27,US_RCH_Outdoor_LeadGen,US_M_24-54_REI/Dick's + CF Early Tech + Parent *580K,45-54,male,23.56,250.42,US,REI/Dick's + CF Early Tech + Parent *580K,116.46000000000001,0.13336711919608601,1877.6742086766856
2018-07-28,US_RCH_Outdoor_LeadGen,US_M_24-54_REI/Dick's + CF Early Tech + Parent *580K,45-54,male,24.5,1077.55,US,REI/Dick's + CF Early Tech + Parent *580K,140.96,0.6543446266445531,1646.7622046896345
2018-08-04,US_RCH_Outdoor_LeadGen,US_M_24-54_REI/Dick's + CF Early Tech + Parent *580K,45-54,male,19.48,631.42,US,REI/Dick's + CF Early Tech + Parent *580K,0,0.18021916026212448,3503.6230281043067
2018-08-05,US_RCH_Outdoor_LeadGen,US_M_24-54_REI/Dick's + CF Early Tech + Parent *580K,45-54,male,17.14,2532.09,US,REI/Dick's + CF Early Tech + Parent *580K,0,0.7227061757754314,3503.6230281043067
2018-08-06,US_RCH_Outdoor_LeadGen,US_M_24-54_REI/Dick's + CF Early Tech + Parent *580K,45-54,male,17.04,1519.95,US,REI/Dick's + CF Early Tech + Parent *580K,0,0.43382235697383065,3503.6230281043067
2018-08-04,US_RCH_Outdoor_LeadGen,US_M_24-54_Ecotourism + CF Early Tech + Non Parent *840K - Dynamic Ad,45-54,male,37.23,2369.06,US,Ecotourism + CF Early Tech + Non Parent *840K - Dynamic Ad,0,0.6761743432431483,3503.6230281043067
2018-08-05,US_RCH_Outdoor_LeadGen,US_M_24-54_Ecotourism + CF Early Tech + Non Parent *840K - Dynamic Ad,45-54,male,41.4,625.6,US,Ecotourism + CF Early Tech + Non Parent *840K - Dynamic Ad,0,0.17855802264734263,3503.6230281043067
2018-07-11,US_RCH_Campers_LeadGen,US_M/F_25-64_Camping Enthusiast,55-64,female,3.48,1695.4,US,Camping Enthusiast,5.83,0.4992475541475805,3395.9104775079777
2018-07-21,EN_RCH_Lookalikes_LeadGen,"CA_M/F_18-64_Lookalike (CA, 2%) - rainfactoryS71C",55-64,female,0.25,58800.0,CA,"Lookalike (CA, 2%) - rainfactoryS71C",3.49,17.09928806258062,3438.7396589145433
2018-07-24,EN_RCH_Lookalikes_LeadGen,"CA_M/F_18-64_Lookalike (CA, 2%) - rainfactoryP22C",55-64,male,4.91,2627.29,CA,"Lookalike (CA, 2%) - rainfactoryP22C",40.790000000000006,0.9329794830364653,2816.0211963603415
2018-07-26,EN_RCH_Lookalikes_LeadGen,"CA_M/F_18-64_Lookalike (CA, 2%) - rainfactoryP22C",55-64,male,5.96,989.93,CA,"Lookalike (CA, 2%) - rainfactoryP22C",53.31000000000001,0.37591641243355733,2633.377972490011
2018-07-17,EN_RCH_Lookalikes_LeadGen,"CA_M/F_18-64_Lookalike (CA, 2%) - rainfactoryS71C",55-64,male,0.7,8428.57,CA,"Lookalike (CA, 2%) - rainfactoryS71C",3.9300000000000006,2.4568468370177277,3430.6452779250653
2018-07-26,EN_RCH_Lookalikes_LeadGen,"CA_M/F_18-64_Lookalike (CA, 2%) - rainfactoryS71C",55-64,male,0.89,6629.21,CA,"Lookalike (CA, 2%) - rainfactoryS71C",10.23,1.9986666505506325,3316.8162375519964
2018-07-30,EN_RCH_Lookalikes_LeadGen,"CA_M/F_18-64_Lookalike (CA, 2%) - rainfactoryS71C",55-64,male,0.63,25079.37,CA,"Lookalike (CA, 2%) - rainfactoryS71C",13.610000000000003,7.699409455538212,3257.3108554397404
2018-07-20,EN_RCH_Lookalikes_LeadGen,"GB_M/F_18-64_Lookalike (GB, 2%) - rainfactoryP22C",55-64,male,5.05,1168.32,GB,"Lookalike (GB, 2%) - rainfactoryP22C",30.14,0.39187988347984953,2981.321698948793
2018-07-23,EN_RCH_Lookalikes_LeadGen,"GB_M/F_18-64_Lookalike (GB, 2%) - rainfactoryP22C",55-64,male,5.59,2307.69,GB,"Lookalike (GB, 2%) - rainfactoryP22C",43.2,0.8301325437032592,2779.905471125478
2018-07-29,EN_RCH_Lookalikes_LeadGen,"GB_M/F_18-64_Lookalike (GB, 2%) - rainfactoryP22C",55-64,male,5.16,2286.82,GB,"Lookalike (GB, 2%) - rainfactoryP22C",74.94,0.9750620148963286,2345.3072369383003
2018-08-03,EN_RCH_Lookalikes_LeadGen,"GB_M/F_18-64_Lookalike (GB, 2%) - rainfactoryP22C",55-64,male,2.82,4574.47,GB,"Lookalike (GB, 2%) - rainfactoryP22C",93.58999999999999,2.155374443496551,2122.355126647543
2018-08-06,EN_RCH_Lookalikes_LeadGen,"GB_M/F_18-64_Lookalike (GB, 2%) - rainfactoryS71C",55-64,male,0.45,13111.11,GB,"Lookalike (GB, 2%) - rainfactoryS71C",0,3.7421577306774307,3503.6230281043067
2018-07-13,EN_RCH_Lookalikes_LeadGen,"CA_M/F_18-64_Lookalike (CA, 2%) - rainfactoryS71C",55-64,unknown,0.17,373529.41,CA,"Lookalike (CA, 2%) - rainfactoryS71C",0.17,106.70944620216112,3500.434341045574
2018-07-19,US_RCH_Lookalikes_LeadGen,"US_M/F_25-64_Lookalike (US, 2%) - rainfactoryP22C",55-64,female,1.61,7639.75,US,"Lookalike (US, 2%) - rainfactoryP22C",6.95,2.2632271360078526,3375.6002119503983
2018-07-28,US_RCH_Lookalikes_LeadGen,"US_M/F_25-64_Lookalike (US, 2%) - rainfactoryP22C",55-64,female,8.19,720.39,US,"Lookalike (US, 2%) - rainfactoryP22C",69.76,0.2987574576433625,2411.287087802024
2018-07-31,US_RCH_Lookalikes_LeadGen,"US_M/F_25-64_Lookalike (US, 2%) - rainfactoryP22C",55-64,female,11.5,20947.83,US,"Lookalike (US, 2%) - rainfactoryP22C",96.27000000000001,10.012785744371671,2092.1080840839
2018-08-04,US_RCH_Lookalikes_LeadGen,"US_M/F_25-64_Lookalike (US, 2%) - rainfactoryP22C",55-64,female,6.88,1875.0,US,"Lookalike (US, 2%) - rainfactoryP22C",0,0.535160314040549,3503.6230281043067
2018-08-01,US_RCH_Lookalikes_LeadGen,"US_M/F_25-64_Lookalike (US, 2%) - rainfactoryS71C",55-64,female,2.58,7248.06,US,"Lookalike (US, 2%) - rainfactoryS71C",60.199999999999996,2.855849929710052,2537.9694936336796
